"","Giá trị đo thứ 1","Giá trị đo thứ 2","Giá trị đo thứ 3","Giá trị đo thứ 4","Giá trị đo thứ 5","Giá trị đo thứ 6","Giá trị đo thứ 7","Giá trị đo thứ 8","Giá trị đo thứ 9","Giá trị đo thứ 10","Giá trị đo thứ 11","ket_qua_trung_binh"
"Lần lấy mẫu giả lập thứ 1",71,71,88,55,56,75,89,45,56,69,88,69.3636363636364
"Lần lấy mẫu giả lập thứ 2",75,89,71,75,69,69,69,71,49,88,73,72.5454545454545
"Lần lấy mẫu giả lập thứ 3",88,69,71,45,60,75,73,89,88,73,69,72.7272727272727
"Lần lấy mẫu giả lập thứ 4",69,88,73,75,89,73,89,75,56,69,55,73.7272727272727
"Lần lấy mẫu giả lập thứ 5",89,49,55,60,69,75,69,56,89,69,88,69.8181818181818
"Lần lấy mẫu giả lập thứ 6",45,56,75,49,56,56,73,60,56,55,60,58.2727272727273
"Lần lấy mẫu giả lập thứ 7",55,45,89,56,71,69,45,56,69,69,73,63.3636363636364
"Lần lấy mẫu giả lập thứ 8",71,49,69,71,73,71,73,56,88,89,89,72.6363636363636
"Lần lấy mẫu giả lập thứ 9",49,71,88,55,88,55,88,56,45,60,56,64.6363636363636
"Lần lấy mẫu giả lập thứ 10",71,49,71,49,60,73,75,73,73,88,56,67.0909090909091
"Lần lấy mẫu giả lập thứ 11",73,75,88,89,56,49,89,73,75,45,71,71.1818181818182
"Lần lấy mẫu giả lập thứ 12",69,73,56,88,69,73,55,71,49,45,73,65.5454545454545
"Lần lấy mẫu giả lập thứ 13",45,60,49,45,69,49,56,75,45,49,71,55.7272727272727
"Lần lấy mẫu giả lập thứ 14",45,45,56,60,88,75,45,75,69,73,49,61.8181818181818
"Lần lấy mẫu giả lập thứ 15",89,55,75,56,69,49,88,45,89,73,60,68
"Lần lấy mẫu giả lập thứ 16",49,49,88,69,49,55,89,69,73,73,88,68.2727272727273
"Lần lấy mẫu giả lập thứ 17",88,49,56,73,88,75,60,69,71,88,89,73.2727272727273
"Lần lấy mẫu giả lập thứ 18",56,75,75,69,45,88,73,69,73,88,45,68.7272727272727
"Lần lấy mẫu giả lập thứ 19",49,69,69,69,89,73,56,75,60,88,88,71.3636363636364
"Lần lấy mẫu giả lập thứ 20",60,88,60,88,75,89,73,89,88,69,45,74.9090909090909
"Lần lấy mẫu giả lập thứ 21",56,55,60,89,69,45,71,69,60,55,45,61.2727272727273
"Lần lấy mẫu giả lập thứ 22",88,60,89,89,69,49,73,69,89,55,88,74.3636363636364
"Lần lấy mẫu giả lập thứ 23",56,73,69,60,89,89,49,89,73,45,55,67.9090909090909
"Lần lấy mẫu giả lập thứ 24",60,60,55,60,55,49,60,71,55,55,89,60.8181818181818
"Lần lấy mẫu giả lập thứ 25",69,88,56,88,88,56,71,45,75,75,71,71.0909090909091
"Lần lấy mẫu giả lập thứ 26",73,71,55,73,71,69,73,69,45,55,56,64.5454545454545
"Lần lấy mẫu giả lập thứ 27",88,69,75,73,89,75,60,71,55,89,60,73.0909090909091
"Lần lấy mẫu giả lập thứ 28",71,69,55,56,71,71,69,55,60,56,88,65.5454545454545
"Lần lấy mẫu giả lập thứ 29",49,88,88,45,56,45,45,69,49,73,88,63.1818181818182
"Lần lấy mẫu giả lập thứ 30",60,55,49,71,88,73,75,60,55,71,71,66.1818181818182
"Lần lấy mẫu giả lập thứ 31",56,88,89,45,55,60,60,89,55,55,71,65.7272727272727
"Lần lấy mẫu giả lập thứ 32",89,56,88,71,75,71,60,49,60,75,45,67.1818181818182
"Lần lấy mẫu giả lập thứ 33",49,88,88,49,73,55,60,45,75,69,89,67.2727272727273
"Lần lấy mẫu giả lập thứ 34",75,49,55,89,55,56,88,88,69,75,73,70.1818181818182
"Lần lấy mẫu giả lập thứ 35",56,71,75,49,75,73,45,49,71,49,56,60.8181818181818
"Lần lấy mẫu giả lập thứ 36",45,73,88,75,49,45,88,69,56,71,45,64
"Lần lấy mẫu giả lập thứ 37",69,69,45,45,56,89,60,49,73,89,56,63.6363636363636
"Lần lấy mẫu giả lập thứ 38",71,49,88,89,73,45,69,75,75,71,88,72.0909090909091
"Lần lấy mẫu giả lập thứ 39",73,55,69,56,45,56,55,55,49,49,75,57.9090909090909
"Lần lấy mẫu giả lập thứ 40",89,69,73,71,73,49,75,88,89,60,73,73.5454545454545
"Lần lấy mẫu giả lập thứ 41",56,49,45,56,60,71,45,60,89,75,45,59.1818181818182
"Lần lấy mẫu giả lập thứ 42",55,73,71,88,71,75,60,73,56,45,89,68.7272727272727
"Lần lấy mẫu giả lập thứ 43",73,71,55,49,45,56,88,73,75,75,56,65.0909090909091
"Lần lấy mẫu giả lập thứ 44",60,56,49,71,55,75,71,60,55,55,49,59.6363636363636
"Lần lấy mẫu giả lập thứ 45",88,45,69,73,49,71,56,75,56,49,60,62.8181818181818
"Lần lấy mẫu giả lập thứ 46",55,89,49,49,73,89,60,88,75,69,69,69.5454545454545
"Lần lấy mẫu giả lập thứ 47",75,73,88,45,49,75,45,71,73,60,56,64.5454545454545
"Lần lấy mẫu giả lập thứ 48",88,88,60,73,89,56,88,56,69,49,60,70.5454545454545
"Lần lấy mẫu giả lập thứ 49",56,55,49,88,49,69,49,69,69,45,60,59.8181818181818
"Lần lấy mẫu giả lập thứ 50",71,49,55,60,69,73,73,45,73,45,69,62
"Lần lấy mẫu giả lập thứ 51",75,45,88,69,49,73,69,71,60,75,73,67.9090909090909
"Lần lấy mẫu giả lập thứ 52",71,73,88,71,56,73,45,88,60,49,89,69.3636363636364
"Lần lấy mẫu giả lập thứ 53",71,89,89,56,69,60,45,71,89,55,60,68.5454545454545
"Lần lấy mẫu giả lập thứ 54",45,45,75,88,88,75,89,56,45,71,71,68
"Lần lấy mẫu giả lập thứ 55",60,73,89,73,69,69,49,60,89,89,49,69.9090909090909
"Lần lấy mẫu giả lập thứ 56",55,56,55,45,88,73,56,49,60,49,75,60.0909090909091
"Lần lấy mẫu giả lập thứ 57",89,75,69,49,88,45,69,69,45,71,73,67.4545454545455
"Lần lấy mẫu giả lập thứ 58",45,49,49,89,89,49,56,45,71,75,88,64.0909090909091
"Lần lấy mẫu giả lập thứ 59",73,89,49,69,75,88,71,88,75,49,71,72.4545454545455
"Lần lấy mẫu giả lập thứ 60",55,88,49,88,73,73,56,60,45,60,89,66.9090909090909
"Lần lấy mẫu giả lập thứ 61",88,88,55,73,49,71,55,56,75,71,69,68.1818181818182
"Lần lấy mẫu giả lập thứ 62",73,69,56,49,69,89,73,69,55,49,69,65.4545454545455
"Lần lấy mẫu giả lập thứ 63",75,49,75,45,73,49,55,75,56,60,75,62.4545454545455
"Lần lấy mẫu giả lập thứ 64",88,56,89,88,69,55,71,71,55,88,49,70.8181818181818
"Lần lấy mẫu giả lập thứ 65",49,55,75,56,73,60,73,49,56,75,88,64.4545454545455
"Lần lấy mẫu giả lập thứ 66",60,73,73,71,60,49,88,75,60,60,55,65.8181818181818
"Lần lấy mẫu giả lập thứ 67",55,45,75,88,88,89,69,71,73,73,55,71
"Lần lấy mẫu giả lập thứ 68",55,89,49,45,45,73,88,89,55,55,75,65.2727272727273
"Lần lấy mẫu giả lập thứ 69",71,56,55,88,69,71,56,71,49,60,55,63.7272727272727
"Lần lấy mẫu giả lập thứ 70",75,89,89,45,75,73,71,88,73,88,73,76.2727272727273
"Lần lấy mẫu giả lập thứ 71",55,55,55,71,49,69,60,73,49,60,69,60.4545454545455
"Lần lấy mẫu giả lập thứ 72",71,69,55,75,45,49,45,75,55,56,71,60.5454545454545
"Lần lấy mẫu giả lập thứ 73",73,71,73,73,73,73,49,49,60,89,69,68.3636363636364
"Lần lấy mẫu giả lập thứ 74",60,56,69,88,88,49,49,73,73,60,88,68.4545454545455
"Lần lấy mẫu giả lập thứ 75",69,49,75,71,49,56,60,45,71,89,73,64.2727272727273
"Lần lấy mẫu giả lập thứ 76",55,49,49,45,49,88,56,55,60,69,71,58.7272727272727
"Lần lấy mẫu giả lập thứ 77",89,89,69,45,88,71,71,56,88,45,73,71.2727272727273
"Lần lấy mẫu giả lập thứ 78",69,71,56,89,69,45,71,73,45,89,49,66
"Lần lấy mẫu giả lập thứ 79",73,49,56,49,75,73,75,60,56,88,56,64.5454545454545
"Lần lấy mẫu giả lập thứ 80",88,45,69,69,88,45,89,75,69,71,71,70.8181818181818
"Lần lấy mẫu giả lập thứ 81",55,73,60,71,73,55,69,89,60,88,69,69.2727272727273
"Lần lấy mẫu giả lập thứ 82",69,73,55,49,73,56,73,88,55,55,89,66.8181818181818
"Lần lấy mẫu giả lập thứ 83",73,88,75,69,73,56,45,71,75,71,88,71.2727272727273
"Lần lấy mẫu giả lập thứ 84",55,71,60,60,60,45,71,55,73,55,55,60
"Lần lấy mẫu giả lập thứ 85",73,88,45,45,49,69,71,69,75,71,75,66.3636363636364
"Lần lấy mẫu giả lập thứ 86",56,89,55,56,60,89,71,71,71,75,56,68.0909090909091
"Lần lấy mẫu giả lập thứ 87",69,75,71,55,89,89,73,55,49,73,73,70.0909090909091
"Lần lấy mẫu giả lập thứ 88",49,89,55,71,69,71,71,89,73,49,88,70.3636363636364
"Lần lấy mẫu giả lập thứ 89",45,71,73,49,60,73,69,71,88,56,45,63.6363636363636
"Lần lấy mẫu giả lập thứ 90",69,89,69,69,89,56,56,56,49,45,49,63.2727272727273
"Lần lấy mẫu giả lập thứ 91",73,73,89,49,60,73,88,73,89,60,73,72.7272727272727
"Lần lấy mẫu giả lập thứ 92",73,71,71,69,60,69,73,56,60,49,89,67.2727272727273
"Lần lấy mẫu giả lập thứ 93",88,69,89,71,60,56,45,49,69,69,49,64.9090909090909
"Lần lấy mẫu giả lập thứ 94",75,73,45,49,89,60,60,89,71,45,71,66.0909090909091
"Lần lấy mẫu giả lập thứ 95",55,88,71,88,89,49,60,89,71,56,55,70.0909090909091
"Lần lấy mẫu giả lập thứ 96",60,73,60,49,71,55,88,71,89,49,60,65.9090909090909
"Lần lấy mẫu giả lập thứ 97",55,45,73,89,88,45,49,60,89,73,56,65.6363636363636
"Lần lấy mẫu giả lập thứ 98",88,60,88,73,55,88,89,71,55,56,55,70.7272727272727
"Lần lấy mẫu giả lập thứ 99",71,71,75,45,69,89,55,69,60,73,60,67
"Lần lấy mẫu giả lập thứ 100",56,60,56,49,88,55,89,88,55,89,71,68.7272727272727
"Lần lấy mẫu giả lập thứ 101",56,56,75,69,56,45,55,73,69,75,45,61.2727272727273
"Lần lấy mẫu giả lập thứ 102",60,49,71,69,56,71,75,71,75,45,56,63.4545454545455
"Lần lấy mẫu giả lập thứ 103",75,75,55,73,56,73,45,73,88,45,69,66.0909090909091
"Lần lấy mẫu giả lập thứ 104",89,75,75,69,69,71,75,60,69,69,71,72
"Lần lấy mẫu giả lập thứ 105",45,73,75,69,88,49,71,75,56,60,69,66.3636363636364
"Lần lấy mẫu giả lập thứ 106",69,73,49,60,88,49,55,49,56,69,55,61.0909090909091
"Lần lấy mẫu giả lập thứ 107",73,73,69,71,71,89,55,45,88,60,88,71.0909090909091
"Lần lấy mẫu giả lập thứ 108",89,88,49,89,56,69,71,60,69,55,60,68.6363636363636
"Lần lấy mẫu giả lập thứ 109",49,69,55,75,71,56,60,73,55,89,75,66.0909090909091
"Lần lấy mẫu giả lập thứ 110",88,75,71,73,55,49,71,45,71,71,55,65.8181818181818
"Lần lấy mẫu giả lập thứ 111",45,45,56,56,71,69,89,89,49,89,89,67.9090909090909
"Lần lấy mẫu giả lập thứ 112",71,73,60,55,60,75,49,60,55,88,55,63.7272727272727
"Lần lấy mẫu giả lập thứ 113",56,71,49,75,60,75,56,75,49,60,45,61
"Lần lấy mẫu giả lập thứ 114",49,71,75,75,60,56,71,89,60,56,89,68.2727272727273
"Lần lấy mẫu giả lập thứ 115",60,49,69,75,89,89,75,49,45,45,45,62.7272727272727
"Lần lấy mẫu giả lập thứ 116",75,89,45,56,88,45,75,60,75,49,89,67.8181818181818
"Lần lấy mẫu giả lập thứ 117",89,88,71,75,60,55,71,45,88,45,45,66.5454545454545
"Lần lấy mẫu giả lập thứ 118",88,60,69,60,89,45,60,73,69,75,89,70.6363636363636
"Lần lấy mẫu giả lập thứ 119",69,56,69,71,69,60,71,75,56,55,60,64.6363636363636
"Lần lấy mẫu giả lập thứ 120",88,89,60,56,75,56,49,60,56,60,56,64.0909090909091
"Lần lấy mẫu giả lập thứ 121",56,89,88,69,88,71,69,89,73,55,56,73
"Lần lấy mẫu giả lập thứ 122",88,73,69,71,69,56,56,49,45,56,60,62.9090909090909
"Lần lấy mẫu giả lập thứ 123",45,56,88,73,75,73,75,89,60,71,49,68.5454545454545
"Lần lấy mẫu giả lập thứ 124",60,49,73,71,60,49,75,49,73,69,75,63.9090909090909
"Lần lấy mẫu giả lập thứ 125",60,49,60,56,55,89,88,71,88,45,49,64.5454545454545
"Lần lấy mẫu giả lập thứ 126",56,69,89,60,60,55,88,69,75,60,55,66.9090909090909
"Lần lấy mẫu giả lập thứ 127",75,69,60,55,45,49,49,89,69,88,60,64.3636363636364
"Lần lấy mẫu giả lập thứ 128",45,73,56,75,55,73,71,75,55,60,56,63.0909090909091
"Lần lấy mẫu giả lập thứ 129",56,45,89,89,88,49,56,88,73,71,60,69.4545454545455
"Lần lấy mẫu giả lập thứ 130",55,88,89,89,73,60,60,88,55,55,75,71.5454545454545
"Lần lấy mẫu giả lập thứ 131",75,89,60,71,88,69,71,55,60,69,71,70.7272727272727
"Lần lấy mẫu giả lập thứ 132",55,69,88,75,88,56,56,49,45,55,60,63.2727272727273
"Lần lấy mẫu giả lập thứ 133",55,73,75,73,45,89,75,75,88,75,60,71.1818181818182
"Lần lấy mẫu giả lập thứ 134",75,88,69,73,89,73,89,55,49,73,88,74.6363636363636
"Lần lấy mẫu giả lập thứ 135",49,69,71,56,73,75,75,71,49,75,75,67.0909090909091
"Lần lấy mẫu giả lập thứ 136",60,69,56,69,71,71,56,69,75,69,71,66.9090909090909
"Lần lấy mẫu giả lập thứ 137",89,73,55,56,49,89,71,88,89,45,45,68.0909090909091
"Lần lấy mẫu giả lập thứ 138",73,75,60,55,89,71,73,49,89,73,75,71.0909090909091
"Lần lấy mẫu giả lập thứ 139",71,56,49,88,56,88,49,88,56,75,71,67.9090909090909
"Lần lấy mẫu giả lập thứ 140",73,60,56,89,55,73,71,71,45,60,56,64.4545454545455
"Lần lấy mẫu giả lập thứ 141",89,55,73,88,60,89,89,75,49,71,60,72.5454545454545
"Lần lấy mẫu giả lập thứ 142",45,49,55,45,49,49,89,56,73,69,73,59.2727272727273
"Lần lấy mẫu giả lập thứ 143",45,55,75,49,75,49,60,73,55,88,56,61.8181818181818
"Lần lấy mẫu giả lập thứ 144",45,56,88,71,56,75,69,49,69,73,71,65.6363636363636
"Lần lấy mẫu giả lập thứ 145",49,88,55,49,49,49,55,60,69,89,73,62.2727272727273
"Lần lấy mẫu giả lập thứ 146",71,56,49,69,71,75,75,60,49,73,89,67
"Lần lấy mẫu giả lập thứ 147",71,73,45,69,89,69,73,69,69,73,45,67.7272727272727
"Lần lấy mẫu giả lập thứ 148",71,69,55,49,60,88,73,55,88,71,55,66.7272727272727
"Lần lấy mẫu giả lập thứ 149",89,49,60,60,49,55,49,71,45,73,55,59.5454545454545
"Lần lấy mẫu giả lập thứ 150",45,60,71,73,49,71,73,55,55,69,88,64.4545454545455
"Lần lấy mẫu giả lập thứ 151",73,60,75,55,75,69,69,60,56,56,69,65.1818181818182
"Lần lấy mẫu giả lập thứ 152",73,69,71,49,88,56,88,69,69,45,69,67.8181818181818
"Lần lấy mẫu giả lập thứ 153",69,89,60,55,71,89,49,75,60,73,88,70.7272727272727
"Lần lấy mẫu giả lập thứ 154",89,73,75,69,88,55,56,71,71,49,73,69.9090909090909
"Lần lấy mẫu giả lập thứ 155",55,89,56,71,75,75,60,75,69,49,69,67.5454545454545
"Lần lấy mẫu giả lập thứ 156",60,49,49,75,49,88,88,49,49,49,55,60
"Lần lấy mẫu giả lập thứ 157",55,75,55,71,55,69,69,73,89,88,56,68.6363636363636
"Lần lấy mẫu giả lập thứ 158",55,60,75,55,55,88,75,89,49,75,71,67.9090909090909
"Lần lấy mẫu giả lập thứ 159",55,75,49,75,69,69,73,75,55,89,69,68.4545454545455
"Lần lấy mẫu giả lập thứ 160",71,88,69,89,49,55,56,49,75,75,56,66.5454545454545
"Lần lấy mẫu giả lập thứ 161",88,56,45,60,75,49,69,56,75,56,55,62.1818181818182
"Lần lấy mẫu giả lập thứ 162",69,49,71,88,71,69,56,73,88,73,89,72.3636363636364
"Lần lấy mẫu giả lập thứ 163",69,75,89,45,88,73,71,71,71,73,89,74
"Lần lấy mẫu giả lập thứ 164",75,56,55,45,56,56,88,89,45,71,73,64.4545454545455
"Lần lấy mẫu giả lập thứ 165",75,56,55,69,75,73,49,49,75,56,89,65.5454545454545
"Lần lấy mẫu giả lập thứ 166",69,69,89,88,60,88,55,71,73,56,56,70.3636363636364
"Lần lấy mẫu giả lập thứ 167",55,60,71,69,55,88,49,49,69,45,45,59.5454545454545
"Lần lấy mẫu giả lập thứ 168",60,75,55,75,73,75,49,69,89,89,56,69.5454545454545
"Lần lấy mẫu giả lập thứ 169",88,60,88,89,56,89,60,88,89,75,75,77.9090909090909
"Lần lấy mẫu giả lập thứ 170",49,49,60,73,71,88,45,73,73,73,56,64.5454545454545
"Lần lấy mẫu giả lập thứ 171",69,45,69,71,71,49,69,60,75,45,88,64.6363636363636
"Lần lấy mẫu giả lập thứ 172",60,88,89,75,69,89,49,45,55,60,71,68.1818181818182
"Lần lấy mẫu giả lập thứ 173",75,73,75,49,89,55,69,88,89,56,88,73.2727272727273
"Lần lấy mẫu giả lập thứ 174",56,73,75,45,56,56,75,69,71,89,88,68.4545454545455
"Lần lấy mẫu giả lập thứ 175",89,69,56,60,71,49,55,71,88,60,73,67.3636363636364
"Lần lấy mẫu giả lập thứ 176",71,89,49,75,69,60,60,60,89,49,89,69.0909090909091
"Lần lấy mẫu giả lập thứ 177",45,45,89,49,69,55,49,71,71,89,49,61.9090909090909
"Lần lấy mẫu giả lập thứ 178",89,73,88,69,49,88,56,56,45,69,69,68.2727272727273
"Lần lấy mẫu giả lập thứ 179",89,60,69,88,49,89,75,75,69,73,88,74.9090909090909
"Lần lấy mẫu giả lập thứ 180",69,89,88,49,73,71,75,69,69,89,55,72.3636363636364
"Lần lấy mẫu giả lập thứ 181",45,45,75,49,49,60,89,55,69,60,88,62.1818181818182
"Lần lấy mẫu giả lập thứ 182",60,89,73,56,60,56,45,88,73,55,73,66.1818181818182
"Lần lấy mẫu giả lập thứ 183",55,69,60,75,49,55,49,49,73,45,55,57.6363636363636
"Lần lấy mẫu giả lập thứ 184",49,69,56,75,75,88,89,49,45,69,71,66.8181818181818
"Lần lấy mẫu giả lập thứ 185",55,71,60,75,49,88,71,56,49,60,45,61.7272727272727
"Lần lấy mẫu giả lập thứ 186",71,55,71,73,75,89,71,56,45,73,89,69.8181818181818
"Lần lấy mẫu giả lập thứ 187",88,45,69,88,55,75,55,75,55,89,89,71.1818181818182
"Lần lấy mẫu giả lập thứ 188",89,45,88,73,71,49,55,88,89,45,56,68
"Lần lấy mẫu giả lập thứ 189",73,89,55,75,69,75,75,60,73,49,71,69.4545454545455
"Lần lấy mẫu giả lập thứ 190",60,60,89,60,49,75,71,45,75,49,75,64.3636363636364
"Lần lấy mẫu giả lập thứ 191",88,71,73,89,60,89,75,55,75,69,73,74.2727272727273
"Lần lấy mẫu giả lập thứ 192",45,45,71,88,45,60,45,71,73,88,73,64
"Lần lấy mẫu giả lập thứ 193",73,89,88,75,56,75,89,89,88,69,60,77.3636363636364
"Lần lấy mẫu giả lập thứ 194",89,45,73,60,69,56,73,88,73,75,73,70.3636363636364
"Lần lấy mẫu giả lập thứ 195",69,45,88,71,69,75,75,73,60,45,75,67.7272727272727
"Lần lấy mẫu giả lập thứ 196",69,60,89,75,60,73,89,60,49,60,45,66.2727272727273
"Lần lấy mẫu giả lập thứ 197",73,71,73,89,56,56,71,73,88,71,89,73.6363636363636
"Lần lấy mẫu giả lập thứ 198",45,71,45,88,49,45,60,88,69,69,89,65.2727272727273
"Lần lấy mẫu giả lập thứ 199",75,89,75,73,89,49,56,60,56,55,45,65.6363636363636
"Lần lấy mẫu giả lập thứ 200",75,56,89,75,71,60,88,45,88,45,88,70.9090909090909
"Lần lấy mẫu giả lập thứ 201",49,56,75,49,88,56,45,75,73,49,89,64
"Lần lấy mẫu giả lập thứ 202",88,45,73,69,45,89,75,60,55,49,73,65.5454545454545
"Lần lấy mẫu giả lập thứ 203",89,89,45,56,73,71,45,75,69,45,56,64.8181818181818
"Lần lấy mẫu giả lập thứ 204",45,73,71,49,56,55,55,56,73,71,71,61.3636363636364
"Lần lấy mẫu giả lập thứ 205",49,69,69,71,55,73,89,55,88,71,55,67.6363636363636
"Lần lấy mẫu giả lập thứ 206",71,56,73,56,45,60,45,88,56,71,49,60.9090909090909
"Lần lấy mẫu giả lập thứ 207",49,56,45,88,55,56,88,88,73,75,60,66.6363636363636
"Lần lấy mẫu giả lập thứ 208",49,89,89,60,60,60,89,45,56,55,69,65.5454545454545
"Lần lấy mẫu giả lập thứ 209",75,71,71,55,49,45,75,49,60,89,56,63.1818181818182
"Lần lấy mẫu giả lập thứ 210",55,89,73,49,89,71,89,45,75,56,45,66.9090909090909
"Lần lấy mẫu giả lập thứ 211",88,49,73,73,69,56,89,89,71,60,88,73.1818181818182
"Lần lấy mẫu giả lập thứ 212",56,71,88,73,75,49,88,75,49,45,55,65.8181818181818
"Lần lấy mẫu giả lập thứ 213",45,56,73,55,89,60,75,75,55,73,88,67.6363636363636
"Lần lấy mẫu giả lập thứ 214",73,88,49,89,88,71,73,49,69,49,55,68.4545454545455
"Lần lấy mẫu giả lập thứ 215",88,69,88,73,73,75,45,55,88,60,73,71.5454545454545
"Lần lấy mẫu giả lập thứ 216",60,75,45,45,56,45,69,60,69,49,75,58.9090909090909
"Lần lấy mẫu giả lập thứ 217",88,60,60,88,73,89,60,49,89,89,89,75.8181818181818
"Lần lấy mẫu giả lập thứ 218",75,60,88,73,75,73,45,56,55,60,55,65
"Lần lấy mẫu giả lập thứ 219",60,69,71,45,56,56,69,69,75,71,69,64.5454545454545
"Lần lấy mẫu giả lập thứ 220",88,49,56,73,45,49,88,89,55,56,69,65.1818181818182
"Lần lấy mẫu giả lập thứ 221",56,71,49,71,55,56,49,73,45,60,88,61.1818181818182
"Lần lấy mẫu giả lập thứ 222",49,88,88,75,55,45,56,55,60,89,71,66.4545454545455
"Lần lấy mẫu giả lập thứ 223",56,71,88,75,69,45,88,71,45,56,56,65.4545454545455
"Lần lấy mẫu giả lập thứ 224",73,55,49,45,60,49,56,55,88,88,69,62.4545454545455
"Lần lấy mẫu giả lập thứ 225",69,75,71,55,56,75,69,71,49,60,75,65.9090909090909
"Lần lấy mẫu giả lập thứ 226",55,55,73,89,56,89,89,45,45,49,69,64.9090909090909
"Lần lấy mẫu giả lập thứ 227",60,88,45,88,49,75,55,49,73,55,89,66
"Lần lấy mẫu giả lập thứ 228",69,88,88,75,60,56,49,49,55,73,49,64.6363636363636
"Lần lấy mẫu giả lập thứ 229",49,88,49,75,89,45,88,69,49,56,75,66.5454545454545
"Lần lấy mẫu giả lập thứ 230",49,45,88,71,89,60,55,56,71,55,49,62.5454545454545
"Lần lấy mẫu giả lập thứ 231",88,60,88,56,49,75,89,69,69,55,49,67.9090909090909
"Lần lấy mẫu giả lập thứ 232",56,56,89,55,49,45,45,45,69,75,49,57.5454545454545
"Lần lấy mẫu giả lập thứ 233",88,45,60,75,55,49,56,73,55,88,45,62.6363636363636
"Lần lấy mẫu giả lập thứ 234",89,71,45,71,75,55,45,55,60,75,88,66.2727272727273
"Lần lấy mẫu giả lập thứ 235",75,45,45,88,56,89,55,45,56,75,55,62.1818181818182
"Lần lấy mẫu giả lập thứ 236",89,71,69,89,45,71,75,89,55,49,69,70.0909090909091
"Lần lấy mẫu giả lập thứ 237",49,49,75,71,75,55,45,56,60,56,88,61.7272727272727
"Lần lấy mẫu giả lập thứ 238",45,55,75,45,75,56,56,45,89,75,89,64.0909090909091
"Lần lấy mẫu giả lập thứ 239",88,88,45,73,73,49,73,73,49,71,56,67.0909090909091
"Lần lấy mẫu giả lập thứ 240",69,55,75,49,55,60,49,75,88,88,45,64.3636363636364
"Lần lấy mẫu giả lập thứ 241",69,89,71,69,45,60,69,56,88,56,75,67.9090909090909
"Lần lấy mẫu giả lập thứ 242",75,45,75,69,75,89,75,55,55,55,49,65.1818181818182
"Lần lấy mẫu giả lập thứ 243",89,69,71,56,89,55,75,69,45,89,60,69.7272727272727
"Lần lấy mẫu giả lập thứ 244",60,55,88,75,88,75,88,75,73,89,75,76.4545454545455
"Lần lấy mẫu giả lập thứ 245",73,89,45,55,89,71,71,56,60,75,71,68.6363636363636
"Lần lấy mẫu giả lập thứ 246",89,55,49,88,89,71,49,89,75,71,45,70
"Lần lấy mẫu giả lập thứ 247",45,75,60,45,73,69,75,56,89,75,56,65.2727272727273
"Lần lấy mẫu giả lập thứ 248",71,60,73,60,88,55,71,69,75,45,60,66.0909090909091
"Lần lấy mẫu giả lập thứ 249",73,75,45,55,88,71,45,45,75,69,55,63.2727272727273
"Lần lấy mẫu giả lập thứ 250",75,49,71,88,89,55,45,88,89,73,55,70.6363636363636
"Lần lấy mẫu giả lập thứ 251",55,88,89,75,69,69,60,69,55,75,56,69.0909090909091
"Lần lấy mẫu giả lập thứ 252",55,69,75,89,69,49,45,71,89,49,71,66.4545454545455
"Lần lấy mẫu giả lập thứ 253",60,71,55,75,89,55,55,88,56,56,60,65.4545454545455
"Lần lấy mẫu giả lập thứ 254",71,73,73,71,88,55,45,89,60,75,49,68.0909090909091
"Lần lấy mẫu giả lập thứ 255",88,69,71,89,49,88,71,60,60,55,88,71.6363636363636
"Lần lấy mẫu giả lập thứ 256",49,69,71,88,75,60,55,71,56,71,88,68.4545454545455
"Lần lấy mẫu giả lập thứ 257",49,55,71,89,69,88,88,60,69,71,45,68.5454545454545
"Lần lấy mẫu giả lập thứ 258",60,60,56,88,73,73,88,55,89,45,69,68.7272727272727
"Lần lấy mẫu giả lập thứ 259",73,73,73,73,89,69,49,69,75,71,56,70
"Lần lấy mẫu giả lập thứ 260",71,55,75,55,56,89,88,56,75,60,49,66.2727272727273
"Lần lấy mẫu giả lập thứ 261",73,75,69,73,45,55,88,60,60,56,55,64.4545454545455
"Lần lấy mẫu giả lập thứ 262",88,88,55,60,55,49,49,56,55,89,88,66.5454545454545
"Lần lấy mẫu giả lập thứ 263",75,49,55,73,89,45,69,88,55,45,60,63.9090909090909
"Lần lấy mẫu giả lập thứ 264",88,71,88,88,60,89,45,56,45,69,45,67.6363636363636
"Lần lấy mẫu giả lập thứ 265",73,89,89,49,71,55,73,45,75,55,71,67.7272727272727
"Lần lấy mẫu giả lập thứ 266",71,89,89,45,55,55,56,71,56,73,88,68
"Lần lấy mẫu giả lập thứ 267",55,88,55,73,55,60,49,56,55,69,45,60
"Lần lấy mẫu giả lập thứ 268",56,56,69,73,69,49,73,45,69,56,69,62.1818181818182
"Lần lấy mẫu giả lập thứ 269",55,69,69,75,55,69,49,88,69,88,55,67.3636363636364
"Lần lấy mẫu giả lập thứ 270",55,88,89,88,55,45,56,45,45,88,45,63.5454545454545
"Lần lấy mẫu giả lập thứ 271",49,89,55,55,45,60,60,49,55,69,56,58.3636363636364
"Lần lấy mẫu giả lập thứ 272",49,49,69,88,55,88,71,49,75,73,71,67
"Lần lấy mẫu giả lập thứ 273",55,71,55,69,55,60,71,45,88,71,56,63.2727272727273
"Lần lấy mẫu giả lập thứ 274",89,45,49,45,73,60,55,49,71,89,45,60.9090909090909
"Lần lấy mẫu giả lập thứ 275",69,75,71,60,45,69,60,56,89,55,73,65.6363636363636
"Lần lấy mẫu giả lập thứ 276",75,75,69,73,45,45,88,88,60,69,45,66.5454545454545
"Lần lấy mẫu giả lập thứ 277",49,75,56,60,73,60,71,56,49,55,49,59.3636363636364
"Lần lấy mẫu giả lập thứ 278",55,45,60,56,45,49,73,88,88,55,89,63.9090909090909
"Lần lấy mẫu giả lập thứ 279",55,45,49,60,56,49,71,56,75,56,55,57
"Lần lấy mẫu giả lập thứ 280",75,56,73,89,60,56,45,75,75,55,45,64
"Lần lấy mẫu giả lập thứ 281",45,60,88,56,69,60,55,73,75,56,73,64.5454545454545
"Lần lấy mẫu giả lập thứ 282",75,55,89,56,88,49,73,56,45,60,55,63.7272727272727
"Lần lấy mẫu giả lập thứ 283",60,89,75,49,69,60,75,60,88,88,55,69.8181818181818
"Lần lấy mẫu giả lập thứ 284",69,45,69,60,75,75,75,45,69,55,60,63.3636363636364
"Lần lấy mẫu giả lập thứ 285",69,73,56,71,73,75,49,45,60,75,60,64.1818181818182
"Lần lấy mẫu giả lập thứ 286",69,45,89,71,69,49,60,56,89,69,88,68.5454545454545
"Lần lấy mẫu giả lập thứ 287",69,89,60,45,45,55,88,89,71,89,56,68.7272727272727
"Lần lấy mẫu giả lập thứ 288",60,88,73,55,69,75,45,55,88,73,71,68.3636363636364
"Lần lấy mẫu giả lập thứ 289",49,71,89,71,56,73,89,49,49,71,88,68.6363636363636
"Lần lấy mẫu giả lập thứ 290",60,45,45,75,45,69,89,73,89,60,45,63.1818181818182
"Lần lấy mẫu giả lập thứ 291",55,75,60,88,55,45,45,88,55,49,56,61
"Lần lấy mẫu giả lập thứ 292",71,45,55,75,60,55,49,89,75,73,55,63.8181818181818
"Lần lấy mẫu giả lập thứ 293",89,69,73,69,49,69,75,88,60,88,73,72.9090909090909
"Lần lấy mẫu giả lập thứ 294",60,89,71,55,73,71,55,69,75,88,69,70.4545454545455
"Lần lấy mẫu giả lập thứ 295",69,49,45,75,88,71,45,73,88,45,60,64.3636363636364
"Lần lấy mẫu giả lập thứ 296",89,75,71,45,60,89,71,60,75,60,69,69.4545454545455
"Lần lấy mẫu giả lập thứ 297",75,75,71,45,56,69,69,71,49,60,88,66.1818181818182
"Lần lấy mẫu giả lập thứ 298",75,60,73,56,73,75,89,49,88,60,60,68.9090909090909
"Lần lấy mẫu giả lập thứ 299",88,49,71,45,49,89,75,71,88,60,60,67.7272727272727
"Lần lấy mẫu giả lập thứ 300",45,55,89,69,49,89,75,55,75,88,45,66.7272727272727
"Lần lấy mẫu giả lập thứ 301",55,55,45,69,55,45,55,75,88,73,75,62.7272727272727
"Lần lấy mẫu giả lập thứ 302",45,88,73,55,55,56,88,60,49,49,73,62.8181818181818
"Lần lấy mẫu giả lập thứ 303",75,88,49,88,71,75,88,55,60,73,56,70.7272727272727
"Lần lấy mẫu giả lập thứ 304",45,73,60,69,69,73,45,73,55,88,45,63.1818181818182
"Lần lấy mẫu giả lập thứ 305",45,75,60,73,55,56,73,49,45,71,60,60.1818181818182
"Lần lấy mẫu giả lập thứ 306",49,45,75,49,71,60,89,73,88,89,75,69.3636363636364
"Lần lấy mẫu giả lập thứ 307",55,88,45,49,45,75,55,45,60,73,56,58.7272727272727
"Lần lấy mẫu giả lập thứ 308",89,73,55,73,55,45,60,75,89,73,49,66.9090909090909
"Lần lấy mẫu giả lập thứ 309",55,60,71,55,75,60,88,71,88,75,60,68.9090909090909
"Lần lấy mẫu giả lập thứ 310",55,45,73,55,88,60,60,49,71,49,73,61.6363636363636
"Lần lấy mẫu giả lập thứ 311",60,88,73,49,56,73,56,69,88,89,45,67.8181818181818
"Lần lấy mẫu giả lập thứ 312",75,56,89,73,88,71,69,60,55,88,60,71.2727272727273
"Lần lấy mẫu giả lập thứ 313",88,45,55,56,69,75,75,45,73,56,49,62.3636363636364
"Lần lấy mẫu giả lập thứ 314",56,69,71,56,69,49,71,88,55,45,55,62.1818181818182
"Lần lấy mẫu giả lập thứ 315",73,56,56,69,88,69,71,55,49,89,89,69.4545454545455
"Lần lấy mẫu giả lập thứ 316",73,55,60,45,88,45,55,89,56,75,75,65.0909090909091
"Lần lấy mẫu giả lập thứ 317",73,75,73,73,73,73,71,56,88,75,56,71.4545454545455
"Lần lấy mẫu giả lập thứ 318",60,60,45,89,60,60,71,55,69,60,69,63.4545454545455
"Lần lấy mẫu giả lập thứ 319",55,69,88,45,55,88,45,73,45,75,69,64.2727272727273
"Lần lấy mẫu giả lập thứ 320",71,56,73,71,56,73,56,60,69,71,89,67.7272727272727
"Lần lấy mẫu giả lập thứ 321",56,73,89,45,89,71,56,56,55,88,45,65.7272727272727
"Lần lấy mẫu giả lập thứ 322",49,88,55,69,88,89,88,49,69,75,88,73.3636363636364
"Lần lấy mẫu giả lập thứ 323",88,45,88,88,55,56,69,49,55,55,55,63.9090909090909
"Lần lấy mẫu giả lập thứ 324",75,73,49,55,56,55,55,56,49,69,69,60.0909090909091
"Lần lấy mẫu giả lập thứ 325",60,69,55,55,88,56,55,71,60,55,55,61.7272727272727
"Lần lấy mẫu giả lập thứ 326",56,56,75,60,88,69,45,88,45,75,73,66.3636363636364
"Lần lấy mẫu giả lập thứ 327",69,73,75,88,56,69,45,71,60,56,55,65.1818181818182
"Lần lấy mẫu giả lập thứ 328",56,49,71,73,49,49,56,88,45,75,56,60.6363636363636
"Lần lấy mẫu giả lập thứ 329",45,75,69,45,49,73,88,45,60,45,45,58.0909090909091
"Lần lấy mẫu giả lập thứ 330",71,60,55,55,45,75,69,60,60,45,88,62.0909090909091
"Lần lấy mẫu giả lập thứ 331",71,45,60,73,55,45,88,56,89,71,71,65.8181818181818
"Lần lấy mẫu giả lập thứ 332",55,49,45,88,88,69,73,89,71,89,56,70.1818181818182
"Lần lấy mẫu giả lập thứ 333",45,71,73,69,49,56,55,75,49,45,55,58.3636363636364
"Lần lấy mẫu giả lập thứ 334",55,56,71,88,71,55,56,89,75,55,73,67.6363636363636
"Lần lấy mẫu giả lập thứ 335",75,49,89,88,89,60,69,73,71,88,60,73.7272727272727
"Lần lấy mẫu giả lập thứ 336",60,45,69,88,56,55,55,89,89,71,56,66.6363636363636
"Lần lấy mẫu giả lập thứ 337",73,55,45,49,71,60,45,56,75,55,60,58.5454545454545
"Lần lấy mẫu giả lập thứ 338",71,49,45,60,60,89,89,49,75,56,49,62.9090909090909
"Lần lấy mẫu giả lập thứ 339",73,73,56,89,69,45,89,60,88,49,71,69.2727272727273
"Lần lấy mẫu giả lập thứ 340",89,89,45,89,55,75,69,89,60,60,75,72.2727272727273
"Lần lấy mẫu giả lập thứ 341",49,89,60,71,55,49,71,56,89,45,49,62.0909090909091
"Lần lấy mẫu giả lập thứ 342",45,88,69,89,71,89,73,69,49,56,69,69.7272727272727
"Lần lấy mẫu giả lập thứ 343",71,71,49,55,55,88,71,69,56,55,75,65
"Lần lấy mẫu giả lập thứ 344",71,75,55,55,75,56,60,49,89,69,71,65.9090909090909
"Lần lấy mẫu giả lập thứ 345",71,55,60,75,49,75,49,73,49,88,60,64
"Lần lấy mẫu giả lập thứ 346",69,73,56,55,56,55,45,55,56,56,71,58.8181818181818
"Lần lấy mẫu giả lập thứ 347",55,49,75,45,69,56,75,55,60,69,49,59.7272727272727
"Lần lấy mẫu giả lập thứ 348",56,49,45,89,55,88,89,89,69,73,55,68.8181818181818
"Lần lấy mẫu giả lập thứ 349",75,88,69,88,88,69,88,88,73,60,60,76.9090909090909
"Lần lấy mẫu giả lập thứ 350",69,73,56,71,45,73,45,45,73,60,73,62.0909090909091
"Lần lấy mẫu giả lập thứ 351",55,49,75,89,60,71,73,60,75,73,49,66.2727272727273
"Lần lấy mẫu giả lập thứ 352",55,56,88,69,73,60,73,73,60,55,71,66.6363636363636
"Lần lấy mẫu giả lập thứ 353",75,49,60,71,69,45,45,49,71,75,45,59.4545454545455
"Lần lấy mẫu giả lập thứ 354",89,55,88,45,73,56,45,69,73,49,71,64.8181818181818
"Lần lấy mẫu giả lập thứ 355",49,73,73,55,60,75,73,89,60,55,89,68.2727272727273
"Lần lấy mẫu giả lập thứ 356",56,56,60,49,49,45,69,69,45,60,71,57.1818181818182
"Lần lấy mẫu giả lập thứ 357",71,56,56,89,73,75,88,69,73,75,56,71
"Lần lấy mẫu giả lập thứ 358",88,88,88,71,71,73,49,45,73,89,60,72.2727272727273
"Lần lấy mẫu giả lập thứ 359",60,45,60,55,45,69,55,88,71,89,56,63
"Lần lấy mẫu giả lập thứ 360",75,88,60,56,69,89,60,56,49,55,69,66
"Lần lấy mẫu giả lập thứ 361",75,45,45,75,69,88,89,88,45,45,55,65.3636363636364
"Lần lấy mẫu giả lập thứ 362",71,45,75,89,49,75,71,60,55,71,73,66.7272727272727
"Lần lấy mẫu giả lập thứ 363",71,71,73,88,45,49,60,55,45,88,55,63.6363636363636
"Lần lấy mẫu giả lập thứ 364",71,56,56,75,55,69,89,55,89,55,71,67.3636363636364
"Lần lấy mẫu giả lập thứ 365",89,45,60,56,71,75,60,75,60,75,56,65.6363636363636
"Lần lấy mẫu giả lập thứ 366",71,88,69,55,73,55,88,88,49,55,75,69.6363636363636
"Lần lấy mẫu giả lập thứ 367",89,89,69,71,75,88,89,60,89,88,89,81.4545454545455
"Lần lấy mẫu giả lập thứ 368",89,49,55,88,56,49,73,69,89,49,88,68.5454545454545
"Lần lấy mẫu giả lập thứ 369",60,55,88,60,71,71,71,88,56,55,88,69.3636363636364
"Lần lấy mẫu giả lập thứ 370",49,69,55,71,73,49,89,89,69,49,45,64.2727272727273
"Lần lấy mẫu giả lập thứ 371",56,73,49,75,88,71,75,56,69,71,55,67.0909090909091
"Lần lấy mẫu giả lập thứ 372",56,60,55,75,60,71,73,55,55,55,75,62.7272727272727
"Lần lấy mẫu giả lập thứ 373",49,69,69,89,56,45,71,88,71,49,71,66.0909090909091
"Lần lấy mẫu giả lập thứ 374",73,69,71,45,71,73,73,73,75,73,56,68.3636363636364
"Lần lấy mẫu giả lập thứ 375",49,89,45,45,69,55,55,73,71,60,75,62.3636363636364
"Lần lấy mẫu giả lập thứ 376",69,45,69,60,55,60,69,75,71,71,73,65.1818181818182
"Lần lấy mẫu giả lập thứ 377",49,45,55,56,60,56,71,71,69,89,75,63.2727272727273
"Lần lấy mẫu giả lập thứ 378",45,71,89,71,73,71,71,60,45,56,75,66.0909090909091
"Lần lấy mẫu giả lập thứ 379",89,88,73,55,49,88,60,88,89,75,69,74.8181818181818
"Lần lấy mẫu giả lập thứ 380",55,69,49,88,88,45,56,73,49,69,69,64.5454545454545
"Lần lấy mẫu giả lập thứ 381",73,55,56,60,89,49,49,45,60,69,60,60.4545454545455
"Lần lấy mẫu giả lập thứ 382",55,55,45,88,60,89,49,49,55,73,73,62.8181818181818
"Lần lấy mẫu giả lập thứ 383",75,60,60,45,60,89,55,71,45,60,60,61.8181818181818
"Lần lấy mẫu giả lập thứ 384",45,56,45,56,69,45,45,56,88,55,49,55.3636363636364
"Lần lấy mẫu giả lập thứ 385",60,88,49,89,45,49,88,55,56,55,88,65.6363636363636
"Lần lấy mẫu giả lập thứ 386",60,49,45,71,75,73,55,60,49,60,89,62.3636363636364
"Lần lấy mẫu giả lập thứ 387",73,55,56,49,88,71,89,69,49,89,56,67.6363636363636
"Lần lấy mẫu giả lập thứ 388",73,60,60,88,69,49,88,71,55,71,73,68.8181818181818
"Lần lấy mẫu giả lập thứ 389",56,55,73,60,88,49,56,88,75,56,55,64.6363636363636
"Lần lấy mẫu giả lập thứ 390",88,71,55,71,73,56,89,60,69,45,89,69.6363636363636
"Lần lấy mẫu giả lập thứ 391",55,55,55,60,73,69,73,60,73,69,71,64.8181818181818
"Lần lấy mẫu giả lập thứ 392",60,60,55,55,75,71,56,89,73,73,89,68.7272727272727
"Lần lấy mẫu giả lập thứ 393",55,89,49,75,89,69,75,88,45,69,88,71.9090909090909
"Lần lấy mẫu giả lập thứ 394",69,55,56,71,56,60,73,71,60,55,60,62.3636363636364
"Lần lấy mẫu giả lập thứ 395",45,75,88,55,49,45,89,56,89,45,89,65.9090909090909
"Lần lấy mẫu giả lập thứ 396",73,73,88,88,88,55,55,88,55,89,60,73.8181818181818
"Lần lấy mẫu giả lập thứ 397",56,56,88,49,75,73,55,89,60,60,55,65.0909090909091
"Lần lấy mẫu giả lập thứ 398",71,56,55,88,88,69,75,60,73,60,60,68.6363636363636
"Lần lấy mẫu giả lập thứ 399",49,73,49,45,71,71,73,49,88,73,73,64.9090909090909
"Lần lấy mẫu giả lập thứ 400",69,49,55,75,89,56,88,60,56,88,45,66.3636363636364
"Lần lấy mẫu giả lập thứ 401",89,45,45,75,49,88,60,89,60,69,75,67.6363636363636
"Lần lấy mẫu giả lập thứ 402",55,56,45,89,60,55,49,71,69,45,73,60.6363636363636
"Lần lấy mẫu giả lập thứ 403",55,88,75,56,60,89,49,56,60,60,89,67
"Lần lấy mẫu giả lập thứ 404",45,49,89,45,71,60,71,69,73,55,56,62.0909090909091
"Lần lấy mẫu giả lập thứ 405",55,60,69,75,75,73,69,73,56,75,45,65.9090909090909
"Lần lấy mẫu giả lập thứ 406",71,75,49,49,60,60,69,60,88,49,56,62.3636363636364
"Lần lấy mẫu giả lập thứ 407",69,73,75,49,55,69,56,49,73,69,49,62.3636363636364
"Lần lấy mẫu giả lập thứ 408",45,75,55,89,69,73,55,69,60,55,71,65.0909090909091
"Lần lấy mẫu giả lập thứ 409",88,73,55,45,88,69,71,49,73,69,56,66.9090909090909
"Lần lấy mẫu giả lập thứ 410",55,73,56,71,55,56,75,75,60,89,73,67.0909090909091
"Lần lấy mẫu giả lập thứ 411",75,69,45,88,60,49,56,69,60,49,71,62.8181818181818
"Lần lấy mẫu giả lập thứ 412",88,89,88,60,60,89,88,88,73,69,45,76.0909090909091
"Lần lấy mẫu giả lập thứ 413",75,71,45,60,73,49,69,73,71,75,73,66.7272727272727
"Lần lấy mẫu giả lập thứ 414",89,89,45,45,56,88,55,49,88,56,89,68.0909090909091
"Lần lấy mẫu giả lập thứ 415",75,56,89,49,60,88,49,75,49,73,60,65.7272727272727
"Lần lấy mẫu giả lập thứ 416",73,88,49,75,73,71,45,71,60,56,60,65.5454545454545
"Lần lấy mẫu giả lập thứ 417",49,71,71,60,60,55,69,69,60,69,69,63.8181818181818
"Lần lấy mẫu giả lập thứ 418",49,49,71,55,55,55,56,69,75,60,49,58.4545454545455
"Lần lấy mẫu giả lập thứ 419",88,55,71,60,73,89,88,89,73,69,89,76.7272727272727
"Lần lấy mẫu giả lập thứ 420",55,69,49,88,75,88,60,88,75,45,73,69.5454545454545
"Lần lấy mẫu giả lập thứ 421",56,45,45,60,56,89,60,49,49,89,60,59.8181818181818
"Lần lấy mẫu giả lập thứ 422",45,73,45,49,88,88,49,45,71,55,73,61.9090909090909
"Lần lấy mẫu giả lập thứ 423",69,60,60,71,69,69,49,75,73,45,89,66.2727272727273
"Lần lấy mẫu giả lập thứ 424",45,88,71,56,45,75,88,69,56,71,75,67.1818181818182
"Lần lấy mẫu giả lập thứ 425",71,69,45,89,69,75,49,49,69,89,73,67.9090909090909
"Lần lấy mẫu giả lập thứ 426",89,55,88,71,55,88,69,73,73,49,75,71.3636363636364
"Lần lấy mẫu giả lập thứ 427",88,88,45,89,73,60,75,89,75,88,89,78.0909090909091
"Lần lấy mẫu giả lập thứ 428",69,60,89,71,71,75,60,49,89,60,75,69.8181818181818
"Lần lấy mẫu giả lập thứ 429",73,71,69,75,73,69,56,71,89,69,89,73.0909090909091
"Lần lấy mẫu giả lập thứ 430",60,89,56,69,75,49,88,60,75,73,89,71.1818181818182
"Lần lấy mẫu giả lập thứ 431",45,71,56,73,56,56,89,45,49,55,69,60.3636363636364
"Lần lấy mẫu giả lập thứ 432",75,73,55,73,88,56,49,56,69,69,69,66.5454545454545
"Lần lấy mẫu giả lập thứ 433",89,56,73,49,69,89,55,75,49,75,69,68
"Lần lấy mẫu giả lập thứ 434",55,75,75,49,49,88,89,88,60,73,45,67.8181818181818
"Lần lấy mẫu giả lập thứ 435",73,89,56,73,60,71,45,55,60,49,45,61.4545454545455
"Lần lấy mẫu giả lập thứ 436",73,89,89,88,75,49,56,69,89,69,75,74.6363636363636
"Lần lấy mẫu giả lập thứ 437",75,45,69,73,45,71,60,73,45,56,89,63.7272727272727
"Lần lấy mẫu giả lập thứ 438",69,89,60,71,75,49,73,45,56,45,73,64.0909090909091
"Lần lấy mẫu giả lập thứ 439",75,60,60,49,75,55,45,45,55,71,60,59.0909090909091
"Lần lấy mẫu giả lập thứ 440",75,60,60,71,55,75,73,75,71,75,89,70.8181818181818
"Lần lấy mẫu giả lập thứ 441",49,55,45,55,60,56,75,73,73,49,55,58.6363636363636
"Lần lấy mẫu giả lập thứ 442",45,45,45,56,56,75,49,75,88,71,56,60.0909090909091
"Lần lấy mẫu giả lập thứ 443",88,89,55,89,49,56,56,55,89,75,49,68.1818181818182
"Lần lấy mẫu giả lập thứ 444",88,69,89,60,69,55,55,45,75,49,49,63.9090909090909
"Lần lấy mẫu giả lập thứ 445",71,45,60,55,88,55,49,89,89,60,56,65.1818181818182
"Lần lấy mẫu giả lập thứ 446",60,71,71,69,89,69,55,49,55,55,49,62.9090909090909
"Lần lấy mẫu giả lập thứ 447",60,73,60,75,89,55,60,45,60,45,55,61.5454545454545
"Lần lấy mẫu giả lập thứ 448",69,49,56,89,49,49,69,45,88,49,89,63.7272727272727
"Lần lấy mẫu giả lập thứ 449",75,69,56,73,73,56,75,71,73,73,71,69.5454545454545
"Lần lấy mẫu giả lập thứ 450",69,49,88,71,71,71,69,55,45,55,60,63.9090909090909
"Lần lấy mẫu giả lập thứ 451",55,49,88,73,56,55,56,49,56,45,56,58
"Lần lấy mẫu giả lập thứ 452",88,71,88,60,69,89,75,60,55,89,49,72.0909090909091
"Lần lấy mẫu giả lập thứ 453",60,71,88,45,89,49,60,56,45,49,75,62.4545454545455
"Lần lấy mẫu giả lập thứ 454",75,88,45,49,45,88,55,75,55,71,60,64.1818181818182
"Lần lấy mẫu giả lập thứ 455",69,49,89,75,89,71,49,45,45,71,45,63.3636363636364
"Lần lấy mẫu giả lập thứ 456",69,89,69,60,55,60,88,45,88,60,75,68.9090909090909
"Lần lấy mẫu giả lập thứ 457",88,89,71,88,56,88,89,60,55,55,88,75.1818181818182
"Lần lấy mẫu giả lập thứ 458",60,45,88,73,73,55,89,75,60,60,88,69.6363636363636
"Lần lấy mẫu giả lập thứ 459",73,75,89,75,89,71,55,45,75,49,56,68.3636363636364
"Lần lấy mẫu giả lập thứ 460",73,69,45,88,75,69,49,69,75,88,73,70.2727272727273
"Lần lấy mẫu giả lập thứ 461",49,73,56,56,89,71,73,69,71,89,56,68.3636363636364
"Lần lấy mẫu giả lập thứ 462",69,45,49,69,49,73,55,75,88,75,56,63.9090909090909
"Lần lấy mẫu giả lập thứ 463",75,69,71,71,55,56,71,69,56,73,60,66
"Lần lấy mẫu giả lập thứ 464",60,88,49,49,73,75,71,71,56,60,60,64.7272727272727
"Lần lấy mẫu giả lập thứ 465",88,88,71,75,69,75,89,73,88,69,55,76.3636363636364
"Lần lấy mẫu giả lập thứ 466",55,71,75,49,88,49,73,56,56,49,73,63.0909090909091
"Lần lấy mẫu giả lập thứ 467",45,73,69,89,89,69,55,75,75,60,89,71.6363636363636
"Lần lấy mẫu giả lập thứ 468",71,73,49,73,75,45,55,73,75,71,56,65.0909090909091
"Lần lấy mẫu giả lập thứ 469",69,88,73,60,73,55,55,89,49,49,88,68
"Lần lấy mẫu giả lập thứ 470",56,88,88,89,89,55,69,45,89,56,60,71.2727272727273
"Lần lấy mẫu giả lập thứ 471",49,55,73,69,45,45,49,73,75,73,49,59.5454545454545
"Lần lấy mẫu giả lập thứ 472",88,49,69,73,45,88,60,73,60,89,55,68.0909090909091
"Lần lấy mẫu giả lập thứ 473",73,73,73,89,73,60,71,71,69,45,60,68.8181818181818
"Lần lấy mẫu giả lập thứ 474",89,75,60,71,73,55,69,45,55,75,89,68.7272727272727
"Lần lấy mẫu giả lập thứ 475",45,89,71,49,88,73,73,75,89,73,73,72.5454545454545
"Lần lấy mẫu giả lập thứ 476",55,73,56,60,60,45,73,45,89,55,69,61.8181818181818
"Lần lấy mẫu giả lập thứ 477",71,45,56,55,60,69,73,73,60,73,73,64.3636363636364
"Lần lấy mẫu giả lập thứ 478",88,69,88,73,56,69,89,89,49,60,55,71.3636363636364
"Lần lấy mẫu giả lập thứ 479",49,45,88,49,49,88,75,69,71,56,89,66.1818181818182
"Lần lấy mẫu giả lập thứ 480",60,45,75,73,60,69,75,88,69,60,69,67.5454545454545
"Lần lấy mẫu giả lập thứ 481",88,56,88,60,73,71,71,89,60,55,73,71.2727272727273
"Lần lấy mẫu giả lập thứ 482",60,49,71,56,69,60,75,71,89,73,55,66.1818181818182
"Lần lấy mẫu giả lập thứ 483",88,73,56,60,45,45,75,45,55,45,49,57.8181818181818
"Lần lấy mẫu giả lập thứ 484",71,69,49,73,49,45,56,89,71,49,69,62.7272727272727
"Lần lấy mẫu giả lập thứ 485",49,49,75,75,75,56,45,60,71,71,75,63.7272727272727
"Lần lấy mẫu giả lập thứ 486",71,55,49,45,88,55,55,49,88,89,88,66.5454545454545
"Lần lấy mẫu giả lập thứ 487",60,56,89,89,45,75,56,73,88,71,71,70.2727272727273
"Lần lấy mẫu giả lập thứ 488",69,56,69,56,45,71,73,45,56,73,75,62.5454545454545
"Lần lấy mẫu giả lập thứ 489",73,55,45,88,75,45,49,45,71,60,89,63.1818181818182
"Lần lấy mẫu giả lập thứ 490",55,56,73,75,45,88,89,73,60,49,88,68.2727272727273
"Lần lấy mẫu giả lập thứ 491",88,69,73,89,56,88,45,56,89,69,71,72.0909090909091
"Lần lấy mẫu giả lập thứ 492",73,45,56,89,69,89,55,45,71,56,60,64.3636363636364
"Lần lấy mẫu giả lập thứ 493",56,71,56,73,56,88,45,89,49,49,71,63.9090909090909
"Lần lấy mẫu giả lập thứ 494",88,55,45,55,88,89,69,49,55,89,60,67.4545454545455
"Lần lấy mẫu giả lập thứ 495",56,56,71,89,45,88,89,55,56,56,56,65.1818181818182
"Lần lấy mẫu giả lập thứ 496",69,55,75,88,69,71,56,49,89,71,75,69.7272727272727
"Lần lấy mẫu giả lập thứ 497",45,73,88,88,56,45,71,75,45,56,55,63.3636363636364
"Lần lấy mẫu giả lập thứ 498",56,69,89,60,55,89,60,55,49,75,69,66
"Lần lấy mẫu giả lập thứ 499",45,75,56,89,71,71,55,45,55,89,69,65.4545454545455
"Lần lấy mẫu giả lập thứ 500",69,60,45,89,71,45,55,56,60,45,55,59.0909090909091
"Lần lấy mẫu giả lập thứ 501",89,69,45,45,69,69,49,69,69,75,69,65.1818181818182
"Lần lấy mẫu giả lập thứ 502",89,71,71,71,88,56,89,69,71,71,88,75.8181818181818
"Lần lấy mẫu giả lập thứ 503",71,69,73,69,56,69,73,73,69,60,45,66.0909090909091
"Lần lấy mẫu giả lập thứ 504",45,71,49,71,55,55,45,89,56,56,60,59.2727272727273
"Lần lấy mẫu giả lập thứ 505",60,49,75,71,73,69,55,60,89,60,88,68.0909090909091
"Lần lấy mẫu giả lập thứ 506",56,88,75,73,56,88,89,73,75,88,73,75.8181818181818
"Lần lấy mẫu giả lập thứ 507",71,75,71,56,69,55,75,75,75,75,45,67.4545454545455
"Lần lấy mẫu giả lập thứ 508",71,88,55,60,55,71,71,75,73,75,55,68.0909090909091
"Lần lấy mẫu giả lập thứ 509",45,60,55,73,49,60,56,56,69,71,56,59.0909090909091
"Lần lấy mẫu giả lập thứ 510",55,89,71,73,73,73,56,69,88,75,89,73.7272727272727
"Lần lấy mẫu giả lập thứ 511",88,73,55,89,69,45,69,75,71,60,69,69.3636363636364
"Lần lấy mẫu giả lập thứ 512",69,88,69,88,60,89,55,75,45,71,56,69.5454545454545
"Lần lấy mẫu giả lập thứ 513",75,55,55,49,55,45,75,73,55,71,88,63.2727272727273
"Lần lấy mẫu giả lập thứ 514",45,49,55,71,89,71,75,69,75,73,88,69.0909090909091
"Lần lấy mẫu giả lập thứ 515",88,45,55,55,55,56,88,56,69,71,89,66.0909090909091
"Lần lấy mẫu giả lập thứ 516",69,49,88,71,49,89,55,60,60,71,71,66.5454545454545
"Lần lấy mẫu giả lập thứ 517",73,88,75,49,45,60,60,49,45,69,71,62.1818181818182
"Lần lấy mẫu giả lập thứ 518",88,55,88,69,89,49,89,88,75,55,71,74.1818181818182
"Lần lấy mẫu giả lập thứ 519",71,49,73,49,75,75,45,89,60,89,69,67.6363636363636
"Lần lấy mẫu giả lập thứ 520",73,56,60,88,60,49,88,89,49,55,75,67.4545454545455
"Lần lấy mẫu giả lập thứ 521",56,73,75,75,73,60,49,69,89,60,89,69.8181818181818
"Lần lấy mẫu giả lập thứ 522",89,89,71,73,56,56,55,45,56,89,60,67.1818181818182
"Lần lấy mẫu giả lập thứ 523",56,45,69,49,55,71,73,73,73,69,49,62
"Lần lấy mẫu giả lập thứ 524",71,56,71,45,69,88,88,45,75,49,45,63.8181818181818
"Lần lấy mẫu giả lập thứ 525",49,71,56,75,60,56,60,69,75,71,56,63.4545454545455
"Lần lấy mẫu giả lập thứ 526",69,69,45,60,69,89,49,69,49,89,73,66.3636363636364
"Lần lấy mẫu giả lập thứ 527",55,60,49,60,69,89,89,49,56,89,88,68.4545454545455
"Lần lấy mẫu giả lập thứ 528",60,56,71,69,55,73,71,89,60,45,75,65.8181818181818
"Lần lấy mẫu giả lập thứ 529",88,88,69,55,60,71,75,75,60,89,49,70.8181818181818
"Lần lấy mẫu giả lập thứ 530",89,55,55,56,55,73,73,73,89,69,56,67.5454545454545
"Lần lấy mẫu giả lập thứ 531",71,71,71,89,49,73,45,69,89,69,89,71.3636363636364
"Lần lấy mẫu giả lập thứ 532",45,60,56,69,73,71,45,60,60,56,60,59.5454545454545
"Lần lấy mẫu giả lập thứ 533",73,56,55,75,49,60,88,45,73,49,60,62.0909090909091
"Lần lấy mẫu giả lập thứ 534",49,56,75,69,49,89,69,56,73,49,71,64.0909090909091
"Lần lấy mẫu giả lập thứ 535",69,71,71,56,75,69,45,60,89,49,49,63.9090909090909
"Lần lấy mẫu giả lập thứ 536",73,60,75,75,75,89,55,55,73,45,75,68.1818181818182
"Lần lấy mẫu giả lập thứ 537",45,88,55,55,45,45,69,56,69,60,60,58.8181818181818
"Lần lấy mẫu giả lập thứ 538",49,75,49,88,56,55,89,60,71,49,60,63.7272727272727
"Lần lấy mẫu giả lập thứ 539",69,49,45,45,89,55,55,73,60,75,71,62.3636363636364
"Lần lấy mẫu giả lập thứ 540",49,55,75,71,89,60,45,88,56,45,89,65.6363636363636
"Lần lấy mẫu giả lập thứ 541",55,89,89,60,75,73,69,56,73,69,45,68.4545454545455
"Lần lấy mẫu giả lập thứ 542",45,73,89,75,88,56,73,55,55,69,45,65.7272727272727
"Lần lấy mẫu giả lập thứ 543",88,60,55,69,75,71,75,60,56,69,55,66.6363636363636
"Lần lấy mẫu giả lập thứ 544",73,75,60,69,60,60,69,49,56,60,89,65.4545454545455
"Lần lấy mẫu giả lập thứ 545",45,56,75,56,45,55,71,55,45,55,73,57.3636363636364
"Lần lấy mẫu giả lập thứ 546",71,75,45,45,75,69,71,75,56,60,73,65
"Lần lấy mẫu giả lập thứ 547",75,60,88,49,55,45,60,56,71,49,89,63.3636363636364
"Lần lấy mẫu giả lập thứ 548",71,71,88,89,69,73,89,56,60,88,71,75
"Lần lấy mẫu giả lập thứ 549",88,75,71,75,45,73,69,56,71,56,45,65.8181818181818
"Lần lấy mẫu giả lập thứ 550",45,55,89,75,88,45,49,89,45,56,56,62.9090909090909
"Lần lấy mẫu giả lập thứ 551",71,75,71,60,60,73,49,60,89,56,60,65.8181818181818
"Lần lấy mẫu giả lập thứ 552",71,75,88,60,55,56,88,89,55,89,56,71.0909090909091
"Lần lấy mẫu giả lập thứ 553",71,75,75,88,71,71,71,60,89,73,75,74.4545454545455
"Lần lấy mẫu giả lập thứ 554",60,49,60,60,73,69,49,88,75,55,45,62.0909090909091
"Lần lấy mẫu giả lập thứ 555",55,69,49,49,73,60,71,49,71,56,73,61.3636363636364
"Lần lấy mẫu giả lập thứ 556",73,45,45,45,60,89,49,60,71,89,55,61.9090909090909
"Lần lấy mẫu giả lập thứ 557",89,49,55,89,49,73,75,55,89,45,49,65.1818181818182
"Lần lấy mẫu giả lập thứ 558",73,71,88,56,89,60,89,49,88,49,71,71.1818181818182
"Lần lấy mẫu giả lập thứ 559",71,89,73,73,88,89,45,60,55,73,60,70.5454545454545
"Lần lấy mẫu giả lập thứ 560",71,45,60,88,89,69,49,71,88,89,45,69.4545454545455
"Lần lấy mẫu giả lập thứ 561",71,55,55,55,49,55,75,75,89,71,89,67.1818181818182
"Lần lấy mẫu giả lập thứ 562",73,56,71,69,49,71,69,60,71,73,49,64.6363636363636
"Lần lấy mẫu giả lập thứ 563",69,88,71,45,55,88,75,60,56,88,45,67.2727272727273
"Lần lấy mẫu giả lập thứ 564",55,69,73,69,88,75,88,56,60,69,55,68.8181818181818
"Lần lấy mẫu giả lập thứ 565",89,89,89,89,49,73,89,75,45,60,89,76
"Lần lấy mẫu giả lập thứ 566",49,45,56,88,71,55,73,45,88,60,56,62.3636363636364
"Lần lấy mẫu giả lập thứ 567",56,45,88,71,60,73,88,56,45,45,89,65.0909090909091
"Lần lấy mẫu giả lập thứ 568",71,71,49,45,69,60,75,45,88,55,71,63.5454545454545
"Lần lấy mẫu giả lập thứ 569",88,56,73,75,75,45,75,73,71,73,88,72
"Lần lấy mẫu giả lập thứ 570",55,60,71,69,71,71,69,88,45,49,45,63
"Lần lấy mẫu giả lập thứ 571",60,71,73,73,56,60,73,75,71,49,56,65.1818181818182
"Lần lấy mẫu giả lập thứ 572",55,75,69,60,89,88,89,88,89,55,56,73.9090909090909
"Lần lấy mẫu giả lập thứ 573",88,56,88,45,49,71,45,60,73,89,89,68.4545454545455
"Lần lấy mẫu giả lập thứ 574",56,75,73,75,49,55,88,73,60,88,45,67
"Lần lấy mẫu giả lập thứ 575",73,49,75,56,71,73,55,73,88,69,88,70
"Lần lấy mẫu giả lập thứ 576",88,88,71,60,71,69,49,88,69,73,88,74
"Lần lấy mẫu giả lập thứ 577",60,60,60,73,45,69,73,55,60,89,56,63.6363636363636
"Lần lấy mẫu giả lập thứ 578",49,60,89,49,73,88,89,49,55,89,60,68.1818181818182
"Lần lấy mẫu giả lập thứ 579",56,45,71,73,49,89,49,60,89,49,73,63.9090909090909
"Lần lấy mẫu giả lập thứ 580",89,73,49,88,71,75,49,55,45,73,49,65.0909090909091
"Lần lấy mẫu giả lập thứ 581",45,60,71,69,89,71,73,89,73,89,49,70.7272727272727
"Lần lấy mẫu giả lập thứ 582",71,45,89,49,75,75,73,89,56,49,75,67.8181818181818
"Lần lấy mẫu giả lập thứ 583",45,45,45,88,69,88,60,88,69,88,45,66.3636363636364
"Lần lấy mẫu giả lập thứ 584",75,49,73,55,55,73,49,88,56,49,60,62
"Lần lấy mẫu giả lập thứ 585",73,71,55,56,69,88,69,49,73,89,73,69.5454545454545
"Lần lấy mẫu giả lập thứ 586",45,45,73,71,55,69,88,73,71,49,49,62.5454545454545
"Lần lấy mẫu giả lập thứ 587",56,73,49,55,60,45,73,45,88,73,45,60.1818181818182
"Lần lấy mẫu giả lập thứ 588",71,55,56,55,89,89,45,73,71,45,88,67
"Lần lấy mẫu giả lập thứ 589",69,71,55,89,49,89,69,89,73,45,56,68.5454545454545
"Lần lấy mẫu giả lập thứ 590",75,89,49,45,73,49,71,56,45,71,60,62.0909090909091
"Lần lấy mẫu giả lập thứ 591",88,49,69,71,55,88,45,75,88,49,60,67
"Lần lấy mẫu giả lập thứ 592",49,60,55,60,71,75,56,69,75,88,55,64.8181818181818
"Lần lấy mẫu giả lập thứ 593",71,49,60,75,73,69,60,88,75,71,88,70.8181818181818
"Lần lấy mẫu giả lập thứ 594",60,88,45,56,69,49,45,73,60,88,89,65.6363636363636
"Lần lấy mẫu giả lập thứ 595",88,60,60,49,71,71,49,55,60,60,73,63.2727272727273
"Lần lấy mẫu giả lập thứ 596",71,45,88,45,73,56,88,45,73,71,56,64.6363636363636
"Lần lấy mẫu giả lập thứ 597",55,49,71,49,45,75,71,88,71,49,45,60.7272727272727
"Lần lấy mẫu giả lập thứ 598",49,75,73,73,89,88,45,45,71,55,60,65.7272727272727
"Lần lấy mẫu giả lập thứ 599",60,69,89,71,75,60,60,56,49,55,73,65.1818181818182
"Lần lấy mẫu giả lập thứ 600",71,73,69,56,69,73,56,75,45,69,75,66.4545454545455
"Lần lấy mẫu giả lập thứ 601",49,49,49,60,75,88,89,60,75,55,88,67
"Lần lấy mẫu giả lập thứ 602",56,75,55,60,49,88,75,56,56,75,73,65.2727272727273
"Lần lấy mẫu giả lập thứ 603",71,89,89,75,49,89,89,55,55,56,73,71.8181818181818
"Lần lấy mẫu giả lập thứ 604",75,69,69,60,45,73,49,75,69,55,89,66.1818181818182
"Lần lấy mẫu giả lập thứ 605",69,75,45,55,56,88,55,56,89,71,45,64
"Lần lấy mẫu giả lập thứ 606",45,69,69,55,45,60,89,89,45,55,71,62.9090909090909
"Lần lấy mẫu giả lập thứ 607",69,73,89,45,73,69,45,75,45,69,45,63.3636363636364
"Lần lấy mẫu giả lập thứ 608",69,56,45,49,45,73,49,69,56,45,55,55.5454545454545
"Lần lấy mẫu giả lập thứ 609",60,55,89,73,71,75,89,73,69,75,73,72.9090909090909
"Lần lấy mẫu giả lập thứ 610",88,45,60,56,71,89,60,49,55,56,89,65.2727272727273
"Lần lấy mẫu giả lập thứ 611",55,55,88,45,49,73,89,55,60,45,45,59.9090909090909
"Lần lấy mẫu giả lập thứ 612",88,60,45,56,49,45,75,60,60,73,69,61.8181818181818
"Lần lấy mẫu giả lập thứ 613",60,89,49,75,60,55,69,56,69,69,60,64.6363636363636
"Lần lấy mẫu giả lập thứ 614",88,55,49,71,89,60,56,60,71,56,49,64
"Lần lấy mẫu giả lập thứ 615",45,69,73,56,73,71,69,49,88,75,69,67
"Lần lấy mẫu giả lập thứ 616",88,75,60,55,88,89,89,88,55,75,89,77.3636363636364
"Lần lấy mẫu giả lập thứ 617",49,89,45,56,89,69,75,55,55,60,88,66.3636363636364
"Lần lấy mẫu giả lập thứ 618",71,88,71,49,69,56,49,45,71,69,89,66.0909090909091
"Lần lấy mẫu giả lập thứ 619",69,60,56,60,49,60,56,89,88,71,69,66.0909090909091
"Lần lấy mẫu giả lập thứ 620",56,71,71,69,75,69,49,45,49,56,69,61.7272727272727
"Lần lấy mẫu giả lập thứ 621",88,75,71,55,69,55,49,69,60,56,69,65.0909090909091
"Lần lấy mẫu giả lập thứ 622",45,88,88,60,69,49,56,71,73,45,60,64
"Lần lấy mẫu giả lập thứ 623",60,73,55,55,71,69,56,71,71,71,56,64.3636363636364
"Lần lấy mẫu giả lập thứ 624",49,88,88,71,55,60,71,45,69,45,55,63.2727272727273
"Lần lấy mẫu giả lập thứ 625",71,88,71,69,75,49,55,69,73,55,60,66.8181818181818
"Lần lấy mẫu giả lập thứ 626",89,69,75,45,73,71,55,71,89,88,88,73.9090909090909
"Lần lấy mẫu giả lập thứ 627",71,45,45,60,88,49,71,56,88,55,49,61.5454545454545
"Lần lấy mẫu giả lập thứ 628",73,56,45,60,55,49,56,49,88,60,75,60.5454545454545
"Lần lấy mẫu giả lập thứ 629",75,89,55,60,71,75,71,56,60,49,75,66.9090909090909
"Lần lấy mẫu giả lập thứ 630",71,49,71,71,45,73,73,49,45,69,49,60.4545454545455
"Lần lấy mẫu giả lập thứ 631",71,75,88,75,55,75,56,75,89,73,56,71.6363636363636
"Lần lấy mẫu giả lập thứ 632",88,88,60,88,88,89,56,88,45,56,73,74.4545454545455
"Lần lấy mẫu giả lập thứ 633",56,75,71,69,56,60,73,56,71,49,75,64.6363636363636
"Lần lấy mẫu giả lập thứ 634",49,69,89,45,69,55,55,69,56,88,45,62.6363636363636
"Lần lấy mẫu giả lập thứ 635",88,45,89,69,69,56,56,45,56,56,55,62.1818181818182
"Lần lấy mẫu giả lập thứ 636",71,71,60,60,69,55,55,60,88,56,60,64.0909090909091
"Lần lấy mẫu giả lập thứ 637",88,75,69,71,49,88,89,89,69,69,89,76.8181818181818
"Lần lấy mẫu giả lập thứ 638",75,49,49,73,89,55,56,49,71,75,56,63.3636363636364
"Lần lấy mẫu giả lập thứ 639",56,69,60,60,88,88,55,71,49,45,69,64.5454545454545
"Lần lấy mẫu giả lập thứ 640",49,49,75,73,75,73,60,88,45,56,75,65.2727272727273
"Lần lấy mẫu giả lập thứ 641",73,71,56,73,49,71,60,89,75,60,45,65.6363636363636
"Lần lấy mẫu giả lập thứ 642",75,45,73,69,73,71,60,88,49,60,71,66.7272727272727
"Lần lấy mẫu giả lập thứ 643",45,75,71,89,71,89,45,60,75,75,45,67.2727272727273
"Lần lấy mẫu giả lập thứ 644",71,75,56,73,73,49,55,88,45,89,60,66.7272727272727
"Lần lấy mẫu giả lập thứ 645",88,69,55,73,71,55,89,75,88,73,45,71
"Lần lấy mẫu giả lập thứ 646",89,73,71,89,45,69,49,75,49,88,71,69.8181818181818
"Lần lấy mẫu giả lập thứ 647",75,55,89,73,75,45,49,69,71,89,71,69.1818181818182
"Lần lấy mẫu giả lập thứ 648",45,45,56,73,56,56,88,55,88,75,45,62
"Lần lấy mẫu giả lập thứ 649",45,88,73,69,71,73,45,45,49,75,73,64.1818181818182
"Lần lấy mẫu giả lập thứ 650",69,55,88,73,71,69,49,88,88,89,75,74
"Lần lấy mẫu giả lập thứ 651",69,88,56,71,73,69,71,60,71,88,75,71.9090909090909
"Lần lấy mẫu giả lập thứ 652",56,60,49,55,71,45,49,56,73,69,49,57.4545454545455
"Lần lấy mẫu giả lập thứ 653",73,75,56,73,89,49,55,45,60,55,69,63.5454545454545
"Lần lấy mẫu giả lập thứ 654",75,89,73,45,60,49,56,88,45,75,89,67.6363636363636
"Lần lấy mẫu giả lập thứ 655",73,60,88,56,89,75,71,73,89,55,55,71.2727272727273
"Lần lấy mẫu giả lập thứ 656",55,69,60,56,45,88,89,73,89,45,88,68.8181818181818
"Lần lấy mẫu giả lập thứ 657",89,88,71,56,56,49,60,73,60,60,60,65.6363636363636
"Lần lấy mẫu giả lập thứ 658",55,56,49,75,89,73,56,71,55,45,56,61.8181818181818
"Lần lấy mẫu giả lập thứ 659",71,60,69,56,69,89,71,89,71,60,73,70.7272727272727
"Lần lấy mẫu giả lập thứ 660",55,69,49,88,75,45,73,69,45,73,56,63.3636363636364
"Lần lấy mẫu giả lập thứ 661",69,45,88,60,75,73,56,69,73,75,60,67.5454545454545
"Lần lấy mẫu giả lập thứ 662",45,89,69,60,55,88,45,49,71,55,56,62
"Lần lấy mẫu giả lập thứ 663",75,60,56,55,75,69,89,73,56,49,60,65.1818181818182
"Lần lấy mẫu giả lập thứ 664",49,49,56,55,71,69,88,60,69,75,71,64.7272727272727
"Lần lấy mẫu giả lập thứ 665",55,49,55,49,56,49,88,75,49,89,88,63.8181818181818
"Lần lấy mẫu giả lập thứ 666",89,88,45,71,56,89,45,55,75,73,71,68.8181818181818
"Lần lấy mẫu giả lập thứ 667",60,55,55,73,71,73,73,49,75,60,55,63.5454545454545
"Lần lấy mẫu giả lập thứ 668",60,56,69,56,88,71,73,89,49,49,89,68.0909090909091
"Lần lấy mẫu giả lập thứ 669",56,88,45,69,60,60,69,75,88,56,75,67.3636363636364
"Lần lấy mẫu giả lập thứ 670",89,71,73,88,73,45,75,56,49,49,60,66.1818181818182
"Lần lấy mẫu giả lập thứ 671",45,45,89,55,71,49,75,71,71,60,45,61.4545454545455
"Lần lấy mẫu giả lập thứ 672",55,49,45,71,45,49,45,71,45,55,56,53.2727272727273
"Lần lấy mẫu giả lập thứ 673",60,60,88,89,69,55,75,71,89,56,60,70.1818181818182
"Lần lấy mẫu giả lập thứ 674",49,56,71,75,60,71,60,88,55,49,60,63.0909090909091
"Lần lấy mẫu giả lập thứ 675",88,89,88,88,49,49,71,73,55,56,89,72.2727272727273
"Lần lấy mẫu giả lập thứ 676",49,55,55,73,55,75,75,45,89,49,56,61.4545454545455
"Lần lấy mẫu giả lập thứ 677",69,73,55,69,60,89,88,89,60,89,73,74
"Lần lấy mẫu giả lập thứ 678",89,88,89,69,75,89,88,55,71,71,88,79.2727272727273
"Lần lấy mẫu giả lập thứ 679",88,73,56,69,75,56,55,56,60,71,73,66.5454545454545
"Lần lấy mẫu giả lập thứ 680",45,73,55,69,88,60,60,55,69,88,60,65.6363636363636
"Lần lấy mẫu giả lập thứ 681",73,49,73,88,75,45,49,60,73,88,75,68
"Lần lấy mẫu giả lập thứ 682",55,75,71,56,49,89,89,88,73,88,71,73.0909090909091
"Lần lấy mẫu giả lập thứ 683",73,71,88,60,56,75,45,49,89,55,69,66.3636363636364
"Lần lấy mẫu giả lập thứ 684",60,56,49,55,69,69,45,75,60,55,55,58.9090909090909
"Lần lấy mẫu giả lập thứ 685",55,56,69,89,69,75,69,89,49,45,89,68.5454545454545
"Lần lấy mẫu giả lập thứ 686",49,71,55,71,45,71,88,60,56,73,75,64.9090909090909
"Lần lấy mẫu giả lập thứ 687",45,71,60,71,88,69,45,60,88,49,49,63.1818181818182
"Lần lấy mẫu giả lập thứ 688",71,60,88,56,89,75,88,75,45,55,75,70.6363636363636
"Lần lấy mẫu giả lập thứ 689",69,60,55,71,69,69,60,49,89,60,89,67.2727272727273
"Lần lấy mẫu giả lập thứ 690",49,89,89,73,75,55,45,45,55,73,55,63.9090909090909
"Lần lấy mẫu giả lập thứ 691",71,45,60,73,60,75,75,88,71,60,75,68.4545454545455
"Lần lấy mẫu giả lập thứ 692",60,69,55,75,45,73,45,88,49,69,69,63.3636363636364
"Lần lấy mẫu giả lập thứ 693",89,69,71,55,89,45,71,60,71,60,88,69.8181818181818
"Lần lấy mẫu giả lập thứ 694",55,73,75,69,75,88,55,89,60,55,75,69.9090909090909
"Lần lấy mẫu giả lập thứ 695",69,88,45,73,73,60,56,49,49,75,88,65.9090909090909
"Lần lấy mẫu giả lập thứ 696",71,55,88,45,71,56,60,69,75,88,55,66.6363636363636
"Lần lấy mẫu giả lập thứ 697",71,55,71,56,69,56,56,73,55,88,56,64.1818181818182
"Lần lấy mẫu giả lập thứ 698",55,73,71,88,60,49,55,69,73,75,49,65.1818181818182
"Lần lấy mẫu giả lập thứ 699",69,56,71,56,55,89,73,55,88,69,49,66.3636363636364
"Lần lấy mẫu giả lập thứ 700",73,89,88,49,60,56,89,88,89,73,56,73.6363636363636
"Lần lấy mẫu giả lập thứ 701",73,88,60,73,45,73,69,45,60,56,49,62.8181818181818
"Lần lấy mẫu giả lập thứ 702",45,89,49,88,75,69,71,56,73,55,71,67.3636363636364
"Lần lấy mẫu giả lập thứ 703",69,60,89,49,49,60,71,55,60,69,45,61.4545454545455
"Lần lấy mẫu giả lập thứ 704",88,88,75,69,49,45,71,71,71,73,88,71.6363636363636
"Lần lấy mẫu giả lập thứ 705",71,55,49,89,60,73,49,45,89,89,89,68.9090909090909
"Lần lấy mẫu giả lập thứ 706",55,71,73,75,73,71,49,69,71,55,89,68.2727272727273
"Lần lấy mẫu giả lập thứ 707",73,88,71,88,60,75,56,56,89,49,56,69.1818181818182
"Lần lấy mẫu giả lập thứ 708",49,88,88,60,71,45,49,88,75,88,49,68.1818181818182
"Lần lấy mẫu giả lập thứ 709",75,60,60,75,56,89,49,60,56,89,55,65.8181818181818
"Lần lấy mẫu giả lập thứ 710",69,88,56,88,73,89,60,75,56,88,45,71.5454545454545
"Lần lấy mẫu giả lập thứ 711",69,56,56,89,88,45,69,88,88,60,71,70.8181818181818
"Lần lấy mẫu giả lập thứ 712",49,49,49,73,71,73,75,60,88,56,45,62.5454545454545
"Lần lấy mẫu giả lập thứ 713",89,71,60,56,75,88,55,49,71,71,56,67.3636363636364
"Lần lấy mẫu giả lập thứ 714",49,89,71,55,88,71,71,55,69,88,89,72.2727272727273
"Lần lấy mẫu giả lập thứ 715",88,88,56,60,60,45,88,73,45,89,56,68
"Lần lấy mẫu giả lập thứ 716",69,69,55,75,45,88,73,49,75,45,75,65.2727272727273
"Lần lấy mẫu giả lập thứ 717",60,75,71,88,49,73,49,75,71,75,56,67.4545454545455
"Lần lấy mẫu giả lập thứ 718",73,69,55,88,71,49,45,89,45,60,89,66.6363636363636
"Lần lấy mẫu giả lập thứ 719",60,49,60,89,60,69,45,60,89,69,71,65.5454545454545
"Lần lấy mẫu giả lập thứ 720",45,75,45,45,75,88,71,71,88,69,45,65.1818181818182
"Lần lấy mẫu giả lập thứ 721",71,88,71,75,45,75,75,55,60,89,88,72
"Lần lấy mẫu giả lập thứ 722",56,56,89,89,55,49,69,69,73,75,49,66.2727272727273
"Lần lấy mẫu giả lập thứ 723",45,45,55,69,88,71,55,69,89,88,49,65.7272727272727
"Lần lấy mẫu giả lập thứ 724",49,75,71,45,49,55,71,56,55,60,88,61.2727272727273
"Lần lấy mẫu giả lập thứ 725",71,71,56,49,73,49,45,71,49,88,60,62
"Lần lấy mẫu giả lập thứ 726",75,69,73,49,56,88,73,56,71,75,73,68.9090909090909
"Lần lấy mẫu giả lập thứ 727",75,56,60,69,88,56,49,71,56,56,69,64.0909090909091
"Lần lấy mẫu giả lập thứ 728",49,71,69,88,60,75,75,56,55,71,89,68.9090909090909
"Lần lấy mẫu giả lập thứ 729",69,45,75,71,55,69,55,56,45,89,55,62.1818181818182
"Lần lấy mẫu giả lập thứ 730",45,75,49,60,88,71,45,88,71,60,75,66.0909090909091
"Lần lấy mẫu giả lập thứ 731",71,56,71,49,71,49,69,49,60,69,49,60.2727272727273
"Lần lấy mẫu giả lập thứ 732",88,89,88,89,89,89,73,56,88,71,71,81
"Lần lấy mẫu giả lập thứ 733",45,88,56,69,75,56,73,71,75,49,73,66.3636363636364
"Lần lấy mẫu giả lập thứ 734",55,49,60,49,49,60,56,69,49,89,89,61.2727272727273
"Lần lấy mẫu giả lập thứ 735",56,73,55,69,89,69,49,73,56,55,49,63
"Lần lấy mẫu giả lập thứ 736",73,69,69,89,75,89,75,89,60,73,49,73.6363636363636
"Lần lấy mẫu giả lập thứ 737",88,56,75,89,89,75,45,69,69,69,69,72.0909090909091
"Lần lấy mẫu giả lập thứ 738",45,49,75,60,60,56,88,69,75,45,89,64.6363636363636
"Lần lấy mẫu giả lập thứ 739",60,75,55,56,56,71,49,71,73,71,60,63.3636363636364
"Lần lấy mẫu giả lập thứ 740",88,49,55,45,56,56,89,56,56,56,89,63.1818181818182
"Lần lấy mẫu giả lập thứ 741",55,75,60,49,60,88,49,56,49,71,88,63.6363636363636
"Lần lấy mẫu giả lập thứ 742",73,56,89,89,73,55,88,60,49,69,60,69.1818181818182
"Lần lấy mẫu giả lập thứ 743",69,89,69,49,73,56,75,60,73,73,71,68.8181818181818
"Lần lấy mẫu giả lập thứ 744",73,88,56,88,55,73,71,73,73,56,89,72.2727272727273
"Lần lấy mẫu giả lập thứ 745",89,69,88,60,71,56,75,89,49,55,60,69.1818181818182
"Lần lấy mẫu giả lập thứ 746",55,69,60,69,69,89,69,75,49,69,73,67.8181818181818
"Lần lấy mẫu giả lập thứ 747",69,75,60,69,88,56,75,75,60,89,49,69.5454545454545
"Lần lấy mẫu giả lập thứ 748",73,89,60,88,69,45,56,45,88,55,75,67.5454545454545
"Lần lấy mẫu giả lập thứ 749",49,89,73,89,88,71,69,56,71,55,56,69.6363636363636
"Lần lấy mẫu giả lập thứ 750",60,75,71,55,45,88,69,73,45,88,73,67.4545454545455
"Lần lấy mẫu giả lập thứ 751",89,69,49,56,73,75,88,71,69,55,45,67.1818181818182
"Lần lấy mẫu giả lập thứ 752",75,49,49,73,55,71,55,88,75,60,88,67.0909090909091
"Lần lấy mẫu giả lập thứ 753",69,60,49,55,73,89,89,89,69,88,69,72.6363636363636
"Lần lấy mẫu giả lập thứ 754",71,55,75,75,71,75,60,56,73,45,75,66.4545454545455
"Lần lấy mẫu giả lập thứ 755",60,69,69,73,49,49,73,56,69,88,56,64.6363636363636
"Lần lấy mẫu giả lập thứ 756",71,45,60,45,69,71,89,56,55,45,88,63.0909090909091
"Lần lấy mẫu giả lập thứ 757",71,45,88,89,88,69,88,69,49,49,73,70.7272727272727
"Lần lấy mẫu giả lập thứ 758",45,56,55,55,45,56,73,88,89,60,71,63
"Lần lấy mẫu giả lập thứ 759",71,75,89,89,89,49,71,75,49,88,45,71.8181818181818
"Lần lấy mẫu giả lập thứ 760",71,89,49,60,75,88,73,89,69,69,69,72.8181818181818
"Lần lấy mẫu giả lập thứ 761",71,55,60,69,89,45,55,60,69,69,60,63.8181818181818
"Lần lấy mẫu giả lập thứ 762",73,89,75,88,69,89,69,89,89,45,73,77.0909090909091
"Lần lấy mẫu giả lập thứ 763",45,73,75,56,55,75,75,75,89,71,69,68.9090909090909
"Lần lấy mẫu giả lập thứ 764",56,73,55,88,49,75,88,55,69,88,55,68.2727272727273
"Lần lấy mẫu giả lập thứ 765",56,55,49,71,75,71,55,69,88,75,60,65.8181818181818
"Lần lấy mẫu giả lập thứ 766",69,71,49,49,75,49,45,55,55,69,49,57.7272727272727
"Lần lấy mẫu giả lập thứ 767",88,60,75,73,71,60,88,69,49,60,55,68
"Lần lấy mẫu giả lập thứ 768",55,73,71,75,55,73,49,45,71,75,89,66.4545454545455
"Lần lấy mẫu giả lập thứ 769",73,71,75,69,55,69,89,88,55,56,45,67.7272727272727
"Lần lấy mẫu giả lập thứ 770",69,69,73,56,73,49,56,56,56,71,49,61.5454545454545
"Lần lấy mẫu giả lập thứ 771",45,89,71,69,73,56,88,49,49,56,60,64.0909090909091
"Lần lấy mẫu giả lập thứ 772",45,60,89,88,88,88,73,45,73,89,69,73.3636363636364
"Lần lấy mẫu giả lập thứ 773",69,49,88,88,89,56,71,60,56,60,88,70.3636363636364
"Lần lấy mẫu giả lập thứ 774",60,89,88,45,75,56,55,71,73,89,88,71.7272727272727
"Lần lấy mẫu giả lập thứ 775",75,73,71,88,73,71,75,88,73,55,55,72.4545454545455
"Lần lấy mẫu giả lập thứ 776",75,60,60,88,88,71,45,73,55,71,60,67.8181818181818
"Lần lấy mẫu giả lập thứ 777",88,56,73,71,69,49,60,49,49,88,73,65.9090909090909
"Lần lấy mẫu giả lập thứ 778",71,89,45,71,75,73,45,69,73,89,88,71.6363636363636
"Lần lấy mẫu giả lập thứ 779",71,71,60,88,60,49,89,73,60,69,69,69
"Lần lấy mẫu giả lập thứ 780",75,71,45,73,60,55,89,56,75,88,55,67.4545454545455
"Lần lấy mẫu giả lập thứ 781",89,88,60,56,55,73,75,60,49,60,89,68.5454545454545
"Lần lấy mẫu giả lập thứ 782",69,73,73,89,55,55,75,71,60,88,49,68.8181818181818
"Lần lấy mẫu giả lập thứ 783",89,55,49,89,73,69,73,75,75,88,60,72.2727272727273
"Lần lấy mẫu giả lập thứ 784",56,89,69,56,73,49,60,56,60,60,69,63.3636363636364
"Lần lấy mẫu giả lập thứ 785",49,89,49,75,49,71,49,55,69,45,88,62.5454545454545
"Lần lấy mẫu giả lập thứ 786",75,89,88,49,73,88,69,73,69,89,71,75.7272727272727
"Lần lấy mẫu giả lập thứ 787",49,69,88,55,73,88,75,71,73,73,56,70
"Lần lấy mẫu giả lập thứ 788",89,45,69,69,71,89,88,45,49,49,73,66.9090909090909
"Lần lấy mẫu giả lập thứ 789",71,88,60,55,69,69,89,71,89,60,88,73.5454545454545
"Lần lấy mẫu giả lập thứ 790",56,71,89,60,75,60,60,69,75,88,55,68.9090909090909
"Lần lấy mẫu giả lập thứ 791",75,55,49,60,45,49,75,71,71,69,55,61.2727272727273
"Lần lấy mẫu giả lập thứ 792",73,69,55,89,60,89,45,56,56,71,71,66.7272727272727
"Lần lấy mẫu giả lập thứ 793",89,71,71,45,55,56,75,60,60,73,56,64.6363636363636
"Lần lấy mẫu giả lập thứ 794",49,60,60,75,88,49,55,75,89,88,75,69.3636363636364
"Lần lấy mẫu giả lập thứ 795",69,89,56,89,69,45,89,45,55,69,56,66.4545454545455
"Lần lấy mẫu giả lập thứ 796",69,69,69,73,55,71,73,89,88,49,89,72.1818181818182
"Lần lấy mẫu giả lập thứ 797",49,56,75,71,49,75,69,69,89,60,60,65.6363636363636
"Lần lấy mẫu giả lập thứ 798",71,69,55,49,73,88,88,71,69,69,45,67.9090909090909
"Lần lấy mẫu giả lập thứ 799",60,69,71,69,55,69,88,89,75,71,69,71.3636363636364
"Lần lấy mẫu giả lập thứ 800",56,56,89,45,49,55,88,60,89,88,88,69.3636363636364
"Lần lấy mẫu giả lập thứ 801",88,56,69,55,45,45,60,49,55,89,60,61
"Lần lấy mẫu giả lập thứ 802",73,89,75,60,89,73,56,89,49,69,71,72.0909090909091
"Lần lấy mẫu giả lập thứ 803",69,60,56,73,89,55,56,69,69,49,49,63.0909090909091
"Lần lấy mẫu giả lập thứ 804",73,89,49,60,73,89,73,73,71,69,89,73.4545454545455
"Lần lấy mẫu giả lập thứ 805",49,75,75,56,60,75,60,88,75,75,71,69
"Lần lấy mẫu giả lập thứ 806",45,45,73,88,60,69,73,49,73,56,69,63.6363636363636
"Lần lấy mẫu giả lập thứ 807",69,73,89,89,49,88,88,89,73,60,75,76.5454545454545
"Lần lấy mẫu giả lập thứ 808",56,45,71,75,88,55,60,56,49,55,60,60.9090909090909
"Lần lấy mẫu giả lập thứ 809",71,69,88,69,60,71,45,73,55,88,45,66.7272727272727
"Lần lấy mẫu giả lập thứ 810",49,69,55,45,56,75,73,73,71,88,55,64.4545454545455
"Lần lấy mẫu giả lập thứ 811",89,75,73,73,56,55,73,71,89,56,89,72.6363636363636
"Lần lấy mẫu giả lập thứ 812",73,88,55,73,49,69,75,55,71,60,56,65.8181818181818
"Lần lấy mẫu giả lập thứ 813",69,73,56,71,89,75,56,56,49,89,60,67.5454545454545
"Lần lấy mẫu giả lập thứ 814",49,71,60,60,89,60,56,88,69,73,69,67.6363636363636
"Lần lấy mẫu giả lập thứ 815",56,88,56,45,49,45,88,69,49,88,55,62.5454545454545
"Lần lấy mẫu giả lập thứ 816",75,56,73,45,55,88,49,60,56,69,56,62
"Lần lấy mẫu giả lập thứ 817",60,71,69,89,88,88,45,60,55,55,88,69.8181818181818
"Lần lấy mẫu giả lập thứ 818",49,49,73,71,73,55,60,73,56,49,45,59.3636363636364
"Lần lấy mẫu giả lập thứ 819",55,60,60,45,49,89,73,60,88,49,60,62.5454545454545
"Lần lấy mẫu giả lập thứ 820",55,73,75,75,55,45,56,49,73,45,71,61.0909090909091
"Lần lấy mẫu giả lập thứ 821",45,45,56,89,88,60,45,56,75,71,73,63.9090909090909
"Lần lấy mẫu giả lập thứ 822",60,55,49,60,71,60,56,60,45,71,69,59.6363636363636
"Lần lấy mẫu giả lập thứ 823",49,56,73,89,73,89,60,55,60,69,60,66.6363636363636
"Lần lấy mẫu giả lập thứ 824",69,69,55,49,56,45,75,73,56,45,88,61.8181818181818
"Lần lấy mẫu giả lập thứ 825",71,55,56,60,88,71,49,60,89,71,49,65.3636363636364
"Lần lấy mẫu giả lập thứ 826",55,56,49,89,89,69,73,75,88,75,88,73.2727272727273
"Lần lấy mẫu giả lập thứ 827",60,71,69,71,45,71,69,45,60,88,73,65.6363636363636
"Lần lấy mẫu giả lập thứ 828",71,60,88,75,55,71,56,49,71,60,88,67.6363636363636
"Lần lấy mẫu giả lập thứ 829",56,75,73,75,55,55,69,88,60,89,45,67.2727272727273
"Lần lấy mẫu giả lập thứ 830",73,69,56,49,55,60,71,69,56,49,71,61.6363636363636
"Lần lấy mẫu giả lập thứ 831",45,89,45,88,56,69,88,55,49,56,75,65
"Lần lấy mẫu giả lập thứ 832",56,75,89,49,56,45,71,69,71,60,49,62.7272727272727
"Lần lấy mẫu giả lập thứ 833",73,55,60,73,56,75,60,73,75,55,89,67.6363636363636
"Lần lấy mẫu giả lập thứ 834",69,60,49,60,49,56,69,49,60,71,55,58.8181818181818
"Lần lấy mẫu giả lập thứ 835",45,49,45,49,88,69,73,71,75,55,89,64.3636363636364
"Lần lấy mẫu giả lập thứ 836",89,45,89,56,45,73,49,60,88,45,56,63.1818181818182
"Lần lấy mẫu giả lập thứ 837",73,49,49,55,60,71,71,49,55,49,89,60.9090909090909
"Lần lấy mẫu giả lập thứ 838",56,56,49,56,69,88,69,56,88,89,49,65.9090909090909
"Lần lấy mẫu giả lập thứ 839",89,45,75,88,88,60,75,49,89,71,49,70.7272727272727
"Lần lấy mẫu giả lập thứ 840",75,56,55,45,75,71,88,49,75,75,56,65.4545454545455
"Lần lấy mẫu giả lập thứ 841",71,45,75,73,56,73,49,45,60,88,88,65.7272727272727
"Lần lấy mẫu giả lập thứ 842",75,49,56,45,73,71,71,73,69,89,55,66
"Lần lấy mẫu giả lập thứ 843",55,89,55,69,55,89,55,89,88,71,71,71.4545454545455
"Lần lấy mẫu giả lập thứ 844",56,75,55,69,55,89,45,88,75,89,55,68.2727272727273
"Lần lấy mẫu giả lập thứ 845",75,69,88,71,56,60,89,60,73,73,73,71.5454545454545
"Lần lấy mẫu giả lập thứ 846",55,69,49,55,88,75,89,88,56,55,88,69.7272727272727
"Lần lấy mẫu giả lập thứ 847",89,56,55,56,89,56,89,89,55,60,49,67.5454545454545
"Lần lấy mẫu giả lập thứ 848",45,89,73,60,89,60,49,73,60,60,75,66.6363636363636
"Lần lấy mẫu giả lập thứ 849",73,60,49,71,73,71,88,73,88,69,45,69.0909090909091
"Lần lấy mẫu giả lập thứ 850",71,45,55,55,56,60,73,88,45,89,75,64.7272727272727
"Lần lấy mẫu giả lập thứ 851",89,49,45,45,56,71,71,73,88,49,45,61.9090909090909
"Lần lấy mẫu giả lập thứ 852",56,69,75,88,49,55,88,71,55,60,88,68.5454545454545
"Lần lấy mẫu giả lập thứ 853",69,73,69,49,55,75,71,49,71,88,75,67.6363636363636
"Lần lấy mẫu giả lập thứ 854",71,69,60,60,71,56,55,45,56,71,55,60.8181818181818
"Lần lấy mẫu giả lập thứ 855",60,89,75,73,69,60,45,60,89,71,60,68.2727272727273
"Lần lấy mẫu giả lập thứ 856",56,49,60,75,71,88,71,56,71,73,55,65.9090909090909
"Lần lấy mẫu giả lập thứ 857",71,71,49,56,55,89,60,75,89,55,73,67.5454545454545
"Lần lấy mẫu giả lập thứ 858",75,60,60,88,55,88,49,89,45,49,49,64.2727272727273
"Lần lấy mẫu giả lập thứ 859",89,71,88,73,73,73,60,60,49,45,71,68.3636363636364
"Lần lấy mẫu giả lập thứ 860",88,71,60,49,71,69,71,89,69,71,45,68.4545454545455
"Lần lấy mẫu giả lập thứ 861",45,71,89,45,89,60,45,60,55,56,45,60
"Lần lấy mẫu giả lập thứ 862",89,55,69,88,89,69,45,60,88,73,60,71.3636363636364
"Lần lấy mẫu giả lập thứ 863",75,88,55,55,88,71,88,56,56,49,60,67.3636363636364
"Lần lấy mẫu giả lập thứ 864",60,71,55,60,45,89,60,73,56,89,56,64.9090909090909
"Lần lấy mẫu giả lập thứ 865",49,88,75,60,45,71,45,55,75,56,60,61.7272727272727
"Lần lấy mẫu giả lập thứ 866",71,45,73,89,60,88,73,55,69,89,71,71.1818181818182
"Lần lấy mẫu giả lập thứ 867",69,75,49,56,56,73,55,89,71,60,69,65.6363636363636
"Lần lấy mẫu giả lập thứ 868",89,49,60,88,69,60,56,55,56,60,89,66.4545454545455
"Lần lấy mẫu giả lập thứ 869",88,75,71,89,55,71,49,89,89,71,55,72.9090909090909
"Lần lấy mẫu giả lập thứ 870",49,69,45,69,49,73,45,71,56,89,49,60.3636363636364
"Lần lấy mẫu giả lập thứ 871",56,71,75,49,75,56,56,71,75,45,49,61.6363636363636
"Lần lấy mẫu giả lập thứ 872",55,88,75,75,71,56,60,45,73,89,89,70.5454545454545
"Lần lấy mẫu giả lập thứ 873",60,71,56,88,69,49,89,56,71,73,89,70.0909090909091
"Lần lấy mẫu giả lập thứ 874",56,56,88,71,89,45,56,88,88,55,88,70.9090909090909
"Lần lấy mẫu giả lập thứ 875",88,71,71,49,88,88,55,45,55,60,69,67.1818181818182
"Lần lấy mẫu giả lập thứ 876",45,49,88,56,55,56,69,71,69,71,56,62.2727272727273
"Lần lấy mẫu giả lập thứ 877",49,73,55,49,60,60,49,45,69,56,60,56.8181818181818
"Lần lấy mẫu giả lập thứ 878",88,73,49,55,49,56,45,88,60,88,56,64.2727272727273
"Lần lấy mẫu giả lập thứ 879",88,60,56,49,55,75,56,45,49,56,71,60
"Lần lấy mẫu giả lập thứ 880",69,60,69,60,45,55,56,69,56,60,69,60.7272727272727
"Lần lấy mẫu giả lập thứ 881",71,49,56,55,89,60,88,60,88,88,56,69.0909090909091
"Lần lấy mẫu giả lập thứ 882",73,75,49,60,69,56,49,56,56,49,75,60.6363636363636
"Lần lấy mẫu giả lập thứ 883",88,71,56,89,71,45,69,45,71,45,45,63.1818181818182
"Lần lấy mẫu giả lập thứ 884",75,71,75,56,49,73,88,88,73,88,55,71.9090909090909
"Lần lấy mẫu giả lập thứ 885",69,55,73,56,88,45,56,71,88,75,69,67.7272727272727
"Lần lấy mẫu giả lập thứ 886",49,49,45,71,60,55,75,75,73,69,56,61.5454545454545
"Lần lấy mẫu giả lập thứ 887",60,71,89,73,49,73,56,75,71,69,45,66.4545454545455
"Lần lấy mẫu giả lập thứ 888",73,75,49,45,89,71,56,73,69,73,60,66.6363636363636
"Lần lấy mẫu giả lập thứ 889",49,75,45,55,88,88,60,73,71,88,88,70.9090909090909
"Lần lấy mẫu giả lập thứ 890",60,75,56,69,89,69,73,56,89,49,55,67.2727272727273
"Lần lấy mẫu giả lập thứ 891",55,89,45,73,69,55,71,73,55,49,49,62.0909090909091
"Lần lấy mẫu giả lập thứ 892",55,88,49,89,89,56,73,55,89,71,89,73
"Lần lấy mẫu giả lập thứ 893",56,75,75,56,69,60,89,75,56,56,49,65.0909090909091
"Lần lấy mẫu giả lập thứ 894",49,55,45,49,71,88,88,45,89,88,75,67.4545454545455
"Lần lấy mẫu giả lập thứ 895",71,69,71,60,45,73,69,75,69,55,49,64.1818181818182
"Lần lấy mẫu giả lập thứ 896",49,71,56,49,88,71,88,89,89,88,60,72.5454545454545
"Lần lấy mẫu giả lập thứ 897",49,88,45,45,56,71,75,69,55,45,71,60.8181818181818
"Lần lấy mẫu giả lập thứ 898",88,45,75,49,73,69,45,60,88,89,45,66
"Lần lấy mẫu giả lập thứ 899",45,56,49,69,60,71,45,73,71,71,71,61.9090909090909
"Lần lấy mẫu giả lập thứ 900",69,55,69,45,69,49,49,71,71,75,88,64.5454545454545
"Lần lấy mẫu giả lập thứ 901",69,49,73,75,55,55,69,60,88,55,88,66.9090909090909
"Lần lấy mẫu giả lập thứ 902",89,49,73,73,60,88,69,60,49,69,49,66.1818181818182
"Lần lấy mẫu giả lập thứ 903",55,69,89,55,55,49,73,75,55,56,56,62.4545454545455
"Lần lấy mẫu giả lập thứ 904",55,88,75,89,88,49,75,75,55,45,73,69.7272727272727
"Lần lấy mẫu giả lập thứ 905",55,69,55,88,69,56,75,69,75,56,75,67.4545454545455
"Lần lấy mẫu giả lập thứ 906",88,60,49,75,56,55,71,56,69,55,55,62.6363636363636
"Lần lấy mẫu giả lập thứ 907",75,49,71,45,55,88,49,71,56,45,49,59.3636363636364
"Lần lấy mẫu giả lập thứ 908",55,89,55,69,56,49,55,88,73,75,45,64.4545454545455
"Lần lấy mẫu giả lập thứ 909",45,49,75,45,56,45,55,75,56,56,69,56.9090909090909
"Lần lấy mẫu giả lập thứ 910",73,75,56,71,60,55,55,55,71,75,88,66.7272727272727
"Lần lấy mẫu giả lập thứ 911",56,75,60,55,56,88,55,55,56,55,56,60.6363636363636
"Lần lấy mẫu giả lập thứ 912",60,71,75,49,55,88,71,73,71,69,89,70.0909090909091
"Lần lấy mẫu giả lập thứ 913",49,69,49,75,71,55,49,88,75,60,69,64.4545454545455
"Lần lấy mẫu giả lập thứ 914",71,56,55,69,49,56,45,73,56,73,89,62.9090909090909
"Lần lấy mẫu giả lập thứ 915",73,49,69,60,69,69,45,69,75,75,71,65.8181818181818
"Lần lấy mẫu giả lập thứ 916",75,60,88,69,45,88,73,89,88,89,71,75.9090909090909
"Lần lấy mẫu giả lập thứ 917",60,88,49,60,69,56,69,55,49,49,89,63
"Lần lấy mẫu giả lập thứ 918",56,88,56,60,89,73,73,75,60,89,69,71.6363636363636
"Lần lấy mẫu giả lập thứ 919",69,75,75,89,75,89,49,49,60,89,56,70.4545454545455
"Lần lấy mẫu giả lập thứ 920",88,71,49,88,89,60,56,69,88,60,49,69.7272727272727
"Lần lấy mẫu giả lập thứ 921",75,69,69,56,55,49,89,69,73,45,73,65.6363636363636
"Lần lấy mẫu giả lập thứ 922",89,56,56,89,49,69,45,89,89,55,45,66.4545454545455
"Lần lấy mẫu giả lập thứ 923",55,71,69,71,75,73,71,89,69,89,71,73
"Lần lấy mẫu giả lập thứ 924",88,56,69,69,49,71,71,56,49,56,73,64.2727272727273
"Lần lấy mẫu giả lập thứ 925",49,45,75,45,60,55,56,56,55,55,89,58.1818181818182
"Lần lấy mẫu giả lập thứ 926",88,49,49,75,45,88,88,73,69,73,75,70.1818181818182
"Lần lấy mẫu giả lập thứ 927",55,45,69,55,73,60,45,55,49,45,45,54.1818181818182
"Lần lấy mẫu giả lập thứ 928",69,75,45,60,71,69,73,73,69,88,89,71
"Lần lấy mẫu giả lập thứ 929",55,45,60,89,60,88,56,71,60,49,45,61.6363636363636
"Lần lấy mẫu giả lập thứ 930",71,60,60,89,49,60,88,60,73,45,73,66.1818181818182
"Lần lấy mẫu giả lập thứ 931",60,88,55,71,60,71,88,88,71,56,55,69.3636363636364
"Lần lấy mẫu giả lập thứ 932",89,75,69,55,88,75,71,49,49,49,45,64.9090909090909
"Lần lấy mẫu giả lập thứ 933",88,45,88,88,89,60,73,75,60,69,88,74.8181818181818
"Lần lấy mẫu giả lập thứ 934",45,75,73,45,56,49,88,60,69,88,71,65.3636363636364
"Lần lấy mẫu giả lập thứ 935",73,89,75,88,71,69,60,88,60,89,71,75.7272727272727
"Lần lấy mẫu giả lập thứ 936",89,73,49,75,73,49,45,56,71,45,69,63.0909090909091
"Lần lấy mẫu giả lập thứ 937",69,45,56,88,55,56,75,69,75,89,56,66.6363636363636
"Lần lấy mẫu giả lập thứ 938",69,56,75,73,45,89,45,60,75,49,89,65.9090909090909
"Lần lấy mẫu giả lập thứ 939",69,56,69,69,75,88,45,56,89,89,45,68.1818181818182
"Lần lấy mẫu giả lập thứ 940",89,45,88,45,71,60,73,49,45,60,69,63.0909090909091
"Lần lấy mẫu giả lập thứ 941",88,49,45,88,89,73,49,73,89,55,69,69.7272727272727
"Lần lấy mẫu giả lập thứ 942",45,73,89,75,71,73,55,88,69,45,56,67.1818181818182
"Lần lấy mẫu giả lập thứ 943",55,69,49,71,71,45,88,69,71,56,71,65
"Lần lấy mẫu giả lập thứ 944",55,49,55,60,49,55,45,56,75,89,49,57.9090909090909
"Lần lấy mẫu giả lập thứ 945",69,45,73,49,56,88,55,49,75,75,89,65.7272727272727
"Lần lấy mẫu giả lập thứ 946",88,71,55,71,75,69,60,60,75,69,88,71
"Lần lấy mẫu giả lập thứ 947",71,45,69,56,89,73,69,45,55,75,55,63.8181818181818
"Lần lấy mẫu giả lập thứ 948",89,89,73,89,88,89,45,56,73,60,49,72.7272727272727
"Lần lấy mẫu giả lập thứ 949",75,45,75,49,89,45,55,75,69,89,56,65.6363636363636
"Lần lấy mẫu giả lập thứ 950",71,75,49,55,75,89,45,69,89,55,55,66.0909090909091
"Lần lấy mẫu giả lập thứ 951",55,71,56,56,71,89,89,49,75,60,71,67.4545454545455
"Lần lấy mẫu giả lập thứ 952",71,69,69,73,56,75,56,75,60,88,75,69.7272727272727
"Lần lấy mẫu giả lập thứ 953",71,60,89,89,56,73,75,73,89,69,88,75.6363636363636
"Lần lấy mẫu giả lập thứ 954",55,89,49,71,88,45,56,49,89,55,45,62.8181818181818
"Lần lấy mẫu giả lập thứ 955",75,56,55,45,56,71,73,56,69,60,45,60.0909090909091
"Lần lấy mẫu giả lập thứ 956",75,45,45,55,71,71,75,60,69,88,89,67.5454545454545
"Lần lấy mẫu giả lập thứ 957",60,69,49,69,89,88,45,56,73,69,55,65.6363636363636
"Lần lấy mẫu giả lập thứ 958",71,55,56,89,71,55,69,60,60,73,75,66.7272727272727
"Lần lấy mẫu giả lập thứ 959",69,60,69,75,55,49,49,71,60,88,55,63.6363636363636
"Lần lấy mẫu giả lập thứ 960",69,69,69,88,88,55,71,49,73,88,60,70.8181818181818
"Lần lấy mẫu giả lập thứ 961",75,69,89,89,89,69,71,56,88,89,56,76.3636363636364
"Lần lấy mẫu giả lập thứ 962",71,73,71,45,69,56,88,56,55,60,73,65.1818181818182
"Lần lấy mẫu giả lập thứ 963",69,73,75,88,49,71,73,49,73,69,60,68.0909090909091
"Lần lấy mẫu giả lập thứ 964",60,69,55,75,45,45,75,71,69,55,71,62.7272727272727
"Lần lấy mẫu giả lập thứ 965",75,45,55,89,71,73,69,89,69,49,45,66.2727272727273
"Lần lấy mẫu giả lập thứ 966",73,49,89,55,45,60,55,45,45,71,60,58.8181818181818
"Lần lấy mẫu giả lập thứ 967",73,75,88,60,60,56,69,49,75,49,71,65.9090909090909
"Lần lấy mẫu giả lập thứ 968",60,55,56,55,73,89,69,45,69,55,49,61.3636363636364
"Lần lấy mẫu giả lập thứ 969",55,89,73,55,55,71,49,49,89,45,89,65.3636363636364
"Lần lấy mẫu giả lập thứ 970",69,56,73,69,89,56,56,73,88,49,71,68.0909090909091
"Lần lấy mẫu giả lập thứ 971",88,75,89,69,69,69,71,56,56,69,69,70.9090909090909
"Lần lấy mẫu giả lập thứ 972",60,73,71,71,88,56,75,49,89,45,69,67.8181818181818
"Lần lấy mẫu giả lập thứ 973",89,69,88,45,60,71,55,69,89,60,49,67.6363636363636
"Lần lấy mẫu giả lập thứ 974",73,88,75,75,55,73,73,49,73,71,75,70.9090909090909
"Lần lấy mẫu giả lập thứ 975",75,45,49,49,49,60,60,71,73,75,75,61.9090909090909
"Lần lấy mẫu giả lập thứ 976",89,71,56,69,69,71,56,55,49,88,56,66.2727272727273
"Lần lấy mẫu giả lập thứ 977",75,49,71,49,89,60,88,89,55,56,88,69.9090909090909
"Lần lấy mẫu giả lập thứ 978",55,45,88,69,71,45,73,75,60,89,71,67.3636363636364
"Lần lấy mẫu giả lập thứ 979",60,55,89,73,89,88,49,56,49,49,89,67.8181818181818
"Lần lấy mẫu giả lập thứ 980",75,49,56,49,73,56,88,71,75,88,56,66.9090909090909
"Lần lấy mẫu giả lập thứ 981",60,60,69,45,75,89,49,75,56,75,73,66
"Lần lấy mẫu giả lập thứ 982",69,89,75,71,60,45,56,75,69,88,45,67.4545454545455
"Lần lấy mẫu giả lập thứ 983",60,56,55,73,55,69,73,89,89,71,55,67.7272727272727
"Lần lấy mẫu giả lập thứ 984",60,60,60,69,60,88,55,55,45,60,56,60.7272727272727
"Lần lấy mẫu giả lập thứ 985",69,73,88,45,73,45,55,89,56,73,88,68.5454545454545
"Lần lấy mẫu giả lập thứ 986",69,56,69,60,49,69,45,89,69,69,89,66.6363636363636
"Lần lấy mẫu giả lập thứ 987",49,49,49,49,60,45,56,88,56,49,73,56.6363636363636
"Lần lấy mẫu giả lập thứ 988",89,55,60,60,55,89,69,88,71,56,56,68
"Lần lấy mẫu giả lập thứ 989",60,75,55,56,75,73,45,88,69,55,56,64.2727272727273
"Lần lấy mẫu giả lập thứ 990",45,71,49,88,89,60,45,71,56,89,88,68.2727272727273
"Lần lấy mẫu giả lập thứ 991",55,45,56,60,56,55,73,49,73,88,56,60.5454545454545
"Lần lấy mẫu giả lập thứ 992",55,73,89,56,49,69,55,60,75,49,75,64.0909090909091
"Lần lấy mẫu giả lập thứ 993",60,75,56,88,71,71,45,60,60,73,88,67.9090909090909
"Lần lấy mẫu giả lập thứ 994",71,71,49,60,75,69,89,55,60,73,49,65.5454545454545
"Lần lấy mẫu giả lập thứ 995",55,60,49,55,71,55,60,69,49,69,56,58.9090909090909
"Lần lấy mẫu giả lập thứ 996",56,60,45,88,75,45,49,88,60,88,75,66.2727272727273
"Lần lấy mẫu giả lập thứ 997",60,73,71,60,45,60,60,55,55,89,73,63.7272727272727
"Lần lấy mẫu giả lập thứ 998",49,49,55,60,71,55,60,69,88,60,45,60.0909090909091
"Lần lấy mẫu giả lập thứ 999",45,55,73,49,56,71,55,55,56,69,55,58.0909090909091
"Lần lấy mẫu giả lập thứ 1000",49,49,75,89,60,75,55,56,45,89,55,63.3636363636364
